Username;Comment;sentimen
kak_ntank;Terima kasih;positif
watun_syana;Alhamdulillah bapak bupati sangat peduli dengan warga di pulau Bawean;positif
mas_iril_namine;tetep semangat pak bupati;positif
st.budi27;semangat gus🔥🔥🔥;positif
armansaleh432;Semoga pemkab gresik dan pemerintah pusat khususnya memberi panduan untuk bangun rumah atau bangunan tahan gempa;positif
devitprasetia;Tetap semangat selalu Gus kuu;positif
bawean_mbois;Min, mohon logistik dipercepat;negatif
nana_nananananananaa;Bawean butuh bantuan min, mohon dipercepat logistik🙏;positif
kyrahafsha;Logistik untuk Bawean min;positif
fadril.rach_;Logistik minta tolong pak, bawean butuh bantuan sangat butuh bahkan mohon dipercepat terima kasih;positif
mlfn.za;😢😢;negatif
explorendasmu; logistik pak untuk Bawean mohon dipercepat. Terima kasih;positif
pemkabgresik;@bawean_mbois pemkab gresik melalui dinas bpbd berupaya untuk menyiapkan bantuan secepat mungkin menuju bawean kak 🙏;positif
pemkabgresik;@nana_nananananananaa iya kak dinas terkait saat  ini sedang menuju ke pulau bawean untuk menyiapkan bantu secepat mungkin. Mohon tetap tenang dan tetap waspada ya kak🙏;positif
bawean_mbois;@pemkabgresik terima kasih min, mohon secepatnya ya min, disini benar-benar lumayan parah;positif
idrssrdi;logistik untuk bawean segera dipercepat @fandiakhmadyani;positif
nana_nananananananaa;Terima kasih min🙏;positif
hajar_baweanensis;saya sudah sering mempertanyakan di beberapa media, alasan bawa² nama Tuban padahal itu di Bawean.;negatif
hattahatta2727;Promo Wifi Murah;positif
rafiud.alfiansyah;saya juga bang, btw kamu gimana @acmdfasl aman kah di sana, di sini asal gempa masih diributin 😂;positif
acmdfasl; ribet banget gitu saja diribetin bang. kamu kayaknya asik banget di tongkrongan gak sih;negatif
minu18_official;Desa Lebak kok tidak masuk min?;negatif
pemkabgresik;@minu18_official ini informasi dari BPBD per tanggal 22 maret kak. Kedepannya akan kami update secara berkala apabila ada data terbaru. Terima kasih atas informasinya ya kak☺️;positif
bawean_mbois;Lambat min penanganannya, di sini pake terpal sendiri;negatif
syantie_family;Desa Suwari, Dusun Bakung juga tidak masuk di datanya min, banyak rumah warga yang rusak & masih mengungsi ditendang buatan sendri di halaman sawah dll. Mohon ditindak lanjut ya min;negatif
sifaak_;Datanya tidak lengkap jika hanya menyebutkan terdampak di 13 desa. Coba cek dulu tiap dusun. Klo tdk salah semua desa terdampak.;negatif
pemkabgresik;@sifaak_ siap kak terima kasih atas informasinya. Nantinya akan kami update secara berkala terkait desa yang terdampak ☺️;positif
pemkabgresik;Tim BPBD Gresik kloter kedua bersama tim yang lain sudah sampai di Bawean kak, semoga segera tersalurkan bantuan-bantuannya.;positif
pemkabgresik;@bawean_mbois Personel sudah dikerahkan bersama dengan bantuan-bantuan logistiknya kak. Semoga segara tersalurkan ☺️;positif
ayuk_madiyanah;Itu desa pekalongan, 12 rumah sakit ringan??? Maksudnya rusak ringan???;negatif
syantie_family; terima kasih min, semoga segera tersalurkan. Mohon dicek setiap sudut desa & dusunnya;positif
faqih__014;Mohon untuk dicek kembali terkait data dan penulisan agar tidak timbul penyelewengan sehingga mengakibatkan hoax;positif
febrinaindahsafitri; desa Daun juga min tidak masuk di datanya. Banyak rumah warga yangg terdampak berat.. mohon untk di tindaklanjuti dan bantuannya🙏🙏;negatif
cindyjsn_;Desa Daun juga belum masuk data min, ini rumah saya juga roboh belum terdata.;negatif
nafiah9460;@pemkabgresik kok desa lebak tidak masuk;negatif
nafiah9460;betul desa lebak juga parah terutama di dusun raba;positif
nafiah9460; padahal lebak kejadiannnya tgl 22  maret juga apa ada tanggal yang lain, padahal disana banyak rumah yang rusak ringan sampai berat terutama di dusun Raba;positif
viviltf;Datanya tidak akurat, di Sawahmulya banyak rumah yang rusak ringan sampai parah. Mohon ditindaklanjuti dengan baik.;negatif
mas_wlji;@pemkabgresik desa pudakit timur, desa pudakit Barat, desa lebak, desa kumalasa kecamatan sangkapura Banyak rumah hancur KO GK masuk pendataan? 😮;negatif
tapaksiwa;Desa suwari mana?;negatif
pemkabgresik;@mas_wlji siap kak terima kasih atas informasinya. Nantinya akan kami update secara berkala terkait desa yang terdampak;positif
pemkabgresik;@cindyjsn_ siap kak terima kasih atas informasinya. Nantinya akan kami update secara berkala terkait desa yang terdampak;positif
namirawardana;Desa paromaan juga tidak masuk;negatif
nuranaberliana;Mohon bantuan segera min, ini warga bawean sampai saat ini masih ngungsi khawatir terjadi gempa susulan lagi.;positif
kominfogresik;@nuranaberliana terima kasih atas aduannya kak, kami pemkab gresik akan terus koordinasi dengan BPBD dan pihak terkait dalam penanganan tanggap bencana untuk saudara-saudara kita di Bawean 🙏🏻 sudah diberangkatkan bantuan tenda dan logistik juga malam in;positif
zeeedd90s;😭😭😭🙏🙏🙏 MOHON DENGAN SANGAT JUGA, ADA TEAM YANG FOKUS BANTU EVAKUASI LANSIA DARI RUMAH KE PENGUNGSIAN. 🥺🥺😢😢🙏🙏🙏;positif
kominfogresik;@zeeedd90s siap kak terima kasih atas aduannya 🙏🏻 kami akan sampaikan ke pihak terkait;positif
aippp_0;Bagaimana dengan rumah yang banyak rusak apakah akan ada bantuan pak🙏🙏🙏🙏;positif
adms.nta;semoga diberikan keselamatan untuk saudara di bawean, selalu berdo'a dan mawas diri sendiri beserta keluarga;positif
haris_mhmd19;Biaya?;positif
fahriip._;yang untuk lulusan SMK ada kah min;positif
rikyhan;Biaya;positif
mhrmnsyh._;Biaya?;positif
casper_ahmadsupandri;"masa semua D3/S1 terus yang lulusan SMK/SMA gimana caranya ikut pelatihan"" gini";negatif
pemkabgresik;gratis kak;positif
pemkabgresik;@haris_mhmd19 gratis kak;positif
pemkabgresik;@rikyhan gratis kak;positif
pemkabgresik;nanti kalau ada akan kami informasikan di akun pemkab kak;positif
rikyhan;sertifikasinya berapa hari?;positif
farih_al11;menyimak pelaksanaannya kapan;positif
naylee_28;Cewek bisa ?;positif
gv.nu1;@casper_ahmadsupandri sudah peraturan pemerintah untuk jadi supervisor/pengawas bersertifikasi harus lulusan s1 teknik yang sudah ada basic dalam dunia konstruksi/teknik. Tidak mungkinkan yang baru lulus SMA mempunya SKA ahli konstruksi dan bisa jadi peng;positif
m_adebe25;Pakai SKL apakah bisa kak?;positif
rikyhan;Pelaksanaanya kapan pak? @pemkabgresik;positif
galih.gep;Minta info alamat email yang valid?;positif
whoscojoor;emailnya ga bisa min;negatif
sweetysvck;email tidak ditemukan;positif
acfathoni;@sweetysvck iya benar alamat email typo di post. Saya sudah chat dengan bapak sukayat di layani dengan sangat baik untuk alamat email yang benar dckpkpgresikbidangjakongresik@gmail.com;positif
sweetysvck; terima kasih infonya;positif
dapi2720;@pemkabgresik perempuan apa boleh mendaftar?;positif
donny.elka;On line kah;positif
iam.hudaa;Pelatihan nya supervisor k3 atau konstruksi utama yang dibuka;positif
msyamsu_arft;@idhalutfiana gass🔥🔥;positif
st.budi27;BUMD yang mana min?;positif
pambudibenny;Yang pasti bukan PDAM😂😂😂;negatif
marfiatin2;Gak penting.. yang penting jalan halus.. Banyak yang rusak itu lho..;negatif
mustofa74;Defisit anggaran kok masih banyak yang naik pangkat;negatif
irawan.edi.39;Untuk PPPK angkatan 2021 kok tidak diurusin ya....? Kenaikan gaji  berkala dan tunjangan jabatan fungsionalnya...padahal kabupaten lainnya sudah...mohon diperhatikan..🙏;negatif
akuandra;PPPK angkatan 2021 kapan kenaikan gaji berkala dan tunjangan jabfungnya?????? Kabupaten lain sudah realisasi MOHON LEBIH DIPERHATIKAN🙏🏻🙏🏻;negatif
sugenkdarma;Mohon juga untuk PPPK angkatan 2021 di perhatikan...;negatif
sriyono_nuroktaviyanto;Mohon diperhatikan juga kesejahteraan PPPK..... Kebaikan gaji berkala dan tunjangan fungsional Khusus samapai bulan ini belum ada realisasi... ???;negatif
fatmiarosewati;PPPK Angkatan 2021 tolong di perhatikan  gaji berkalanya dan tunjangan jabfunya kabupaten lain sudah pada cair;negatif
ain.ulvaganza;Mohon PPPK Angkatan 21 kapan kenaikan gaji berkala dan Tunjangan Jabfungnya...... ??? Kabupaten lain sdh Realisasi, MOHON LEBIH DIPERHATIKAN BPK. 🙏🏻🙏🏻🙏🏻;negatif
yumnsj;Semoga P3K 2021 ke depan lebih diperhatikan  terkait  kesejahteraan yang memang berhak ditrima.;positif
ainulaprianto;Mohon untuk PPPK angkatan 2021 lebih diperhatikan lagi,, kami juga termasuk dalam ASN,,, kenaikan gaji berkala dan tunjangan jabatan fungsional kami belum menerimanya sama sekali, tolong diperhatikan hak² kami juga 🙏🙏;positif
bkpsdmgresikkab;@sriyono_nuroktaviyanto kenaikan gaji berkala dan tunjangan jft bagi PPPK sedang dalam proses persetujuan anggaran. Akan kami informasikan perkembangan melalui masing-masing OPD.;positif
abineazza;info bapak ibu bkpsdm gresik.. teman2 pppk penyuluh pertanian 2021 belum mendapatkan haknya ;positif
zettiayusita;Untuk PPPK th. 2021 gaji berkala & tunjangan fungsional khusus kenapa belum menyertainya, mohon untuk menjadikan perhatian & dapat segera direalisasikan🙏;positif
abineazza;  semoga lancar dan hak2 p3k terpenuhi..;positif
irawan.edi.39;@bkpsdmgresikkab aamiin....semoga segera terealisasi ❤️;positif
feri.prasetyo.378;Mohon dengan sangat untuk PPPK angkatan 2021 kenaikan gaji berkala dan tunjangan fungsional PPL kami belum menerima, mohon dijadikan perhatian terima kasih 🙏;positif
st.budi27;Mantab ini.. Kalau mudik dari Gresik gratis, apakah mudik ke Gresik juga gratis? 😂;positif
emonprasasti;Terima kasih untuk mudik gratisnya Gus.;positif
sapardi_budi;Siapa tahu ada kuota dadakan, nunggu daftar akhir akhir ramadhan bisa min ? ❤️❤️;positif
bongkaranisirumah;Menyala abangku... 🔥🔥🔥🔥 Gresik maju, Gus yani lanjutkan;positif
h.dnata;Alhamdulillah! Saya kemarin dapat kursi sekeluarga;positif
cakshobrin;tidak punya desa saya gus;positif
setboiiii;mantab gus, programnya sangat membantu warga dulur2 gresik;positif
ardhito.pradigdya;ini sangat membantu warga2 gresik yang mau mudik, terima kasih gus🙌;positif
sucii_wrdnii;spill cara daftarnya dong min 🙌;positif
cindy_tamaraaa;programnya keren sii ini, cukup membantu masyarakat ❤;positif
yogaprtma_cojs;terima kasih gus @fandiakhmadyani 😍;positif
abde_prastio;siap2 daftar, cukup menarik nih programnya;positif
verastaadila;@bongkaranisirumah maju apa, bonus porprov aja cuma janji janji tok😂;negatif
afanddd;@verastaadila lol,telat info dek?gak di info sama cabormu? 🤣;negatif
verastaadila;Info apa kak;positif
afanddd;@verastaadila info pencairan reward atlit laah 😪;negatif
verastaadila; udah di info, katanya cair awal tahun, ini wes maret, minggu kemarin di kirimin VN katanya cair dalam minggu ini.. Sampai ganti minggunya, di info lagi cairnya tgl 26/27;negatif
verastaadila;@afanddd kan itu namanya janji jani tok😂😂;negatif
afanddd;@verastaadila itu namanya proses adik 😔;negatif
verastaadila; proses aja wkwk... kalaudi sleman janji janji aja seperti itu pasti didemo😂;negatif
afanddd;" hadeeh adik,padahal info masih simpang siur ya ditelan mentah"" 😪 ""janji tok"" itu kalo gak dibayar adik. ini masih dibayar kok 😅 loah jauh sekali sampai sleman 😔";negatif
verastaadila; iya KAK! Janji tok 7 bulan, janjinya awal tahun ya gak cair2 🤣;negatif
afanddd;@verastaadila aduh adik,mau kek mana yaa soalnya penggunaan anggaran daerah itu butuh pertanggung jawaban dan juga proses untuk pencairannya,jadi wajar saja toh kalo ada keterlambatan pencairan 😔btw kemarin dari cabor apa toh? 🙏;positif
verastaadila;Iya tau,, logika saja porprov 2023 harusnya anggaran itu masuk ke anggaran 2023 dan kabupaten lain juga begitu waktu saya ikut kabupaten magetan, kemarin porda sleman juga masuk ke anggaran sesuai tahun porprov karena anggaran sudah di buat di awal tahun. 😂 dari aeromodelling *kakak*;negatif
afanddd;@verastaadila aduh adik,logika dan real di lapangan bisa tidak sesuai adik 😔;positif
verastaadila;@afanddd haha main2 ke akun koni gresik kak 👌🏻;positif
afanddd;"@verastaadila abang""kuh @koni_gresik ini rewardnya masih berupa uang kan? Kata mbaknya janji saja soale 😩";negatif
verastaadila; kocak🤣 @koni_gresik  terlalu lama bonusnya janji2 saja;negatif
afanddd;@verastaadila tgl 27 sudah dapat undangan kah adik?;positif
afanddd;@verastaadila selamat ketemu di WEP besok adik 😊;positif
verastaadila;@afanddd wkwkw okey KAK;positif
afanddd;@verastaadila 4 daftar undangan dari cabor aeromodeling nama adik yang mana? 🤔;positif
verastaadila;Pengen banget tau? Haha🤣;negatif
pambudibenny;kenyang cak.....terus makan tidak ada gizinya...... bisa2 stunting😂😂😂;negatif
whyu_yu_f;Jalan Raya Mojosarirejo nih diaspalnya waktu udah disepakati di Musrenbang apa gimana deh? itu jalannya rusak;negatif
marfiatin2;Bungah dukun karangcangkring -30km 10 th mulus,giliran bupatinya Yani rusak semua..Sekarang kewalahan kan ..kerjanya enak2;negatif
j.ashari02;😂monggo gus bisa main di wisata cenglongan sewu desa lampah 😁;negatif
adms.nta;ruas jalan dekat bekas pabrik new era silahkan diperbaiki, apa harus dilewati pejabat baru ditindak lanjut.;negatif
abrar_albaweani13;Permasalahan Jalan Lingkar Bawean (JLB) gmna ya? Proyek Inpres @pupr_jalan_jatimbali jalannya kok udh rusak lagi padahal masih dalam proses perbaikan hehehe, tolong diberi perhatian dong sebab JLB adalah mobilitas utama masyarakat Bawean;positif
cak_budi_gazis;Lamongan apakah bukan Dinas PUPR Ya lur?;positif
mas.oedi;Jalan Golok dan lasem rusak, jalan lasem lowayu juga..apalagi daerah antara mojopetung sampai petung lubangnya parah;positif
bambangsht_22;@hepyekaaa daerahmu;positif
st.budi27;Info cara mengadu dong min😂;positif
marfiatin2;Bungah - dukun - karang cangkring mulai banyak yang rusak.. tidak butuh tambal tambal pak..10 tahun mulus, waktu bupati Yani rusak semua;negatif
verastaadila;bonu porprov saja gak cair2 di janjiin terus sama bupati nya😂;negatif
herifebrian8;"Jalan raya mojosarirejo kec Driyorejo Gresik yang arah Menganti kapan di perlebar yak...jalan sempit.. sekali . Dan aspal sudah pecah""";negatif
st.budi27;Mantap🔥🔥🔥;positif
madewithpolish;ini khusus ktp gresik atau gimana min? saya domisili lamongan mau ikutan apa boleh?;positif
pemkabgresik;@madewithpolish khusus ktp gresik ya kak;positif
agung_pasdexz151;Start mulai pukul berapa min;positif
aris_akun;PT apa aja yang buka loker;positif
aqilsiroj35;Jejak;positif
adifmr26_;Harus punya AK1?;positif
vibriyanijayanti;Domisili Gresik apa bisa min?;positif
cute.kyuri;Jangan dibatasi umur maximal dong.. yang kepala keluarga juga butuh kerjaan untuk menghidupi anak 😢;negatif
marimasnongkoo;amin semoga cepet dapet kerjaan;positif
cute.kyuri;@marimasnongkoo aamiin;positif
watun_syana;"Semoga juga ada bantuan dari pemerintah Gresik untuk rumah"""" yang terkena dampak gempa ya Allah";positif
st.budi27;Sehat sehat pak Kardi (mantan camat Kedamean) ❤️;positif
ranggagitahomaya;Alhamdulillah tanggap darurat garcep dan Alhamdulillah segala bantuan PKH bpnt dan BLT udah keluar semua tp sayang siltap para Perangkat Desa belum cair ayo garcep juga Siltap para Perangkat Desa dicairkan…;positif
mas_wlji;Jangan fokus pada data Di wrs-bmkg, Banyak rumah-rumah warga Dan warga Di pelosok desa Tidak masuk data wrs-bmkg;positif
watun_syana;Terima kasih bapak bupati, semoga cepat membaik . Semoga juga warga yang rumahnya roboh maupun retak akibat gempa segera mendapatkan bantuan perbaikan dari pemerintahan Gresik amin;positif
emonprasasti;Cepat pulih dulur Gresik semua.;positif
sifaak_;Datanya update terus min, setidaknya di story. Biar masyarakat bisa pantau.;positif
st.budi27;Masyaallah Balongpanggang;positif
fann_sznf;Lanjutkan dua periode Gus;positif
bharis_s;Ngapunten, kenapa tidak ditunjukan penampakan Surat Edarannya? Dan sekedar ingatkan dan mohon segera buatkan Surat edaran dari PERDA Gresik No. 2 Tahun 2022 khususnya Pasal 19 poin (a.) yang diperuntukan bagi pelajar/murid di Gresik juga agar tidak pilih kasih.;positif
st.budi27;Mantab.. ❤️❤️❤️ lanjutkan!;positif
st.budi27;Mantab gus @fandiakhmadyani ❤️;positif
ogura_dapurglory;Dirgahayu Gresik ku.. semoga semakin maju dan jaya;positif
ranggagitahomaya;Semangat 45 buat Para Perangkat Desa, Puasa Ramadhan semakin dekat sedihnya Siltap belum ada tanda-tanda,kasian…;positif
ranggagitahomaya;Semangat terus bagi Para Perangkat Desa, meskipun udah 3 bulan belum menikmati hasilnya 😢😢😢;negatif
ranggagitahomaya;Tetap semangat Para Perangkat Desa utk melayani masyarakat, meskipun selama 3 bulan belum menerima haknya, tetap sabar dan sabar ada batasnya…;negatif
kaffimu;Polusi asap pabrik, galian C, penenbangan, jalan rusak.. adipura.. lucu cok;negatif
ranggagitahomaya;Alhamdulillah Gresik mendapatkan kado manis di HUT Gresik,dan semoga para Perangkat Desa mendapatkan kado manis juga dengan mendapatkan hak Siltapnya…;positif
hisbullah.huda1;Pak bupati, jalan jalan di gresik tolong bisa di cek dan dikondisikan kelayakannya. Sepanjang kalan roomo dari pintu keluar kig arah smelting, koq levelnya amburadol, gk rata bahaya pak buat pengendara sepeda motor. Jl. Kh syafii dr tenger arah pongangan itu sdh tdk layak, imbas pekerjaan galian pipa, lebar jalan sudah berkurang dari jalan asli nya sebelum ada proyek, banyak yang berlubang.;negatif
cokroekraffestival;🙌🙌🙌 di tag juga min akun acaranya;positif
ranggagitahomaya;Selamat malam para Perangkat Desa dan semoga Siltap segera cair @jokowi @smindrawati @fandiakhmadyani @bumin.gresik @pemkabgresik dan @dprd_gresik;negatif
ide.tumblerku;Maju terus UMKM Gresik 😍😍;positif
damkarla.gresik;terima kasih min 🙌🙌🙌;positif
pemkabgresik;sama-sama min, sukses jaya terus Damkar Gresik;positif
ranggagitahomaya;Baweanku oh Baweanku kenapa LPG 3 kg langka, Pertalite langka, ada apakah gerangan 😢😢;positif
iksan.pemuda;Sukses selalu;positif
momobaby.co;😍;positif
threeosukma;Beli tiketnya dimana min ?;positif
ca.ndra5883;Gratis kah min;positif
4605inst;gratis ? buat umum ?;positif
n.rafid.at;Untuk umum kah min;positif
ajeng_aria;beli kuponnya bagaimana min?;positif
titipbagus;kalau parkir motor di WEP, balik dari Basuki Rahmat nya gimana? 😅;positif
n.rafid.at;@pemkabgresik siap menghadiri kalau begitu min;positif
ivan_mahendra83;Gak ada konsernya ta min;positif
khoiriyatussyofi;Nanti undian kuponnya lokasi di wep atau gimana min?;positif
pemkabgresik;tidak beli kak, gratis untuk umum. pembagian tiket  nanti ada spotnya.;positif
pemkabgresik;iya gratis untuk umum kak;positif
ranggagitahomaya;Alhamdulillah semoga lancar acara jalan sehatnya dan semoga segera lancar juga Siltap para Perangkat Desa, dah 3 bulan belum ada penampakannya... Sehat selalu Bapak Presiden @jokowi Bu Kemenkeu @smindrawati Bapak Bupati Gresik @fandiakhmadyani Ibu Bupati Gresik @bumin.gresik @pemkabgresik dan para @dprd_gresik;negatif
mei361mei;😍😍😍;positif
pradipta_sang_;WEP itu apa..kalo dari sby arahnya kemana;positif
khomarudin372;Driyorejo nyimak aja ..jauh..😅;positif
jirolu_warkop;🔥🔥🔥 setuju seru;positif
gus_ciliks;Pondok pesantren Jombang kok ga ada😢...;positif
dhurotulmabruroh;Apa ini besok juga berlaku penjemputan santri sebelum lebaran dimalang;positif
st.budi27;Pondok yang lainnya bagaimana?;positif
bharis_s;Min tolong dicoleh dishub untuk berikan ZOSS ke sekolah agar kenyamanan pelajarnya khususnya yang rame lalu lintasnya, ya?;positif
posriyan07;Rindu sekali saya dgn Gresik. . Kapan bisa kembali lagi ke gresik;positif
jung_hyun_sewgres;tidak terdata 🤭;negatif
dhurotulmabruroh;Jl.hos cokroaminoto itu dimana min...🤔;positif
samudraintan03;alhamdulillah lancar;positif
masmif74;sayang untuk pembagian kupon..undian saling berebut....;positif
novita.1208;Semoga tahun depan untuk pembagian kupon bisa lebih baik lagi kayak tahun lalu tertib;positif
ariwbw62;Warga Driyo melihat saja. atau mending ikut Surabaya saja ini driyo. Surabaya coret;negatif
m.ehseping;Saya anggota Pasekgres. Semoga Gresik semakin sukses. Amiiin;positif
jenengku_imam;kirab adipura juga ada mobil hias nya ta min ?;positif
sonys2648;Jangan lewat Jalan Depan New Era. .masih berantakan...;negatif
novita.1208;Ada mobil hias juga kah;positif
st.budi27;mantab guss 🔥🔥🔥;positif
muhammadirwan92;Lanjutkan Gus perjuangan nya Gus terima kasih;positif
febyan_06; 1 periode saja deh 😢😢;negatif
febyan_06; 1 periode saja deh 😢😢;negatif
adhityokutil;Lanjutkan gus....mantab;positif
beltsazarpareme;"Ada tulisan ""Diganjar"" langsung teringat 16% janggar...😢😂";negatif
djherru_densiko;🔥🔥;positif
sang_fajar_senja;Habis parade Jangan lupa pengendalian banjir dan dumtruk biar makin bagus;negatif
aziswakandala;Alhamdulillah gus @fandiakhmadyani , ini adalah titik awal untuk Pemkab Gresik berbenah dalam hal pengelolaan sampah dan RTH. Tetap semangat dan sehat selalu teman teman ❤;positif
prisllllll_io;Gussss aku rakyatmu 😂;positif
jenengku_imam;Selamat Hari Jadi Kota Gresik... Gresik Baru Tambah Maju;positif
sae_z144;bagus;positif
momobaby.co;Jaya terus Gresik Tercinta ❤️;positif
ranggagitahomaya;Salam Gresik Baru Lebih Maju,dan siltap Para Perangkat Desa cepat keluar...;negatif
cak.manu;Mantap. Keren👏;positif
sramasmdy;Semoga Bandeng Gresik mendunia 🙌🔥;positif
posriyan07;Keren pak;positif
pemkabgresik;@posriyan07 🔥🔥👏gresik baru lebih maju;positif
kang_darmanto;Mantap DLH...sukses selalu...;positif
elia_ishartatisusanti;Pak ..protes PDAM bagaimana ya. sudah 3 hari tidak menyala. sudah komplain  tapi tidak ada tanggapan.. Mau bulan puasa ini .. Apa harus marah2 karena tidak ada air😢😢;negatif
viona3907;Semoga kegiatan ini dapat dilanjutkan oleh masyarakat Gresik;positif
posriyan07;Keren;positif
hisbullah.huda1;Harus lebih berbenah. Pasar gresik msh nampak kumuh dgn pengendara yang dengan leluasa melawan arus. Jalan kh syafii dr pengangan ke arah sukomulyo rusak banyak lubang dan lebar jalan menyempit akibat proyek galian pipa yang asal asalan menambalnya, perlu diperbaiki lagi dan tindak tegas kontraktor, jangan asal mau hasilnya saja. Perlu kerjasama dgn aparat keamanan karena masih banyak begal dan pencurian.;negatif
ityonavy; inginnya wudhu nyatanya cuman bisa tayamum. Gara-gara @perumdagiritirta berdusta di awal bulan ramadhan janji perbaikan 2x24 jam, nyatanya?? 😂;negatif
ranggagitahomaya;Marhaban Yaa Ramadhan Sucikan Diri, Bersihkan Hati Raih Ridho Ilahi... Marhaban Siltap semoga segera cair...;negatif
ladya234;Info cair bonus atlett minn? Tidak jadi ramadhan ceria begini ini;negatif
muhlasummufit_;@audityaksa kita kuli pabrik brok😂;positif
ranggagitahomaya;Harga ayam potong di Pasar Sangkapura 60.000/kg, ayolah siltap cair cair cair kasian barang² naik...;negatif
bung_arfa;Super sekali ... Dipertahankan sebagai bentuk toleransi antar umat beragama wujud bhinneka tunggal Ika;positif
a_alfarizy2;Tetap anggun dalam moral, unggul dalam intelektual ikatanku ❤️;positif
moh_fredy_riyanto;@a_alfarizy2 menyala abangku 🔥;positif
a_alfarizy2;@moh_fredy_riyanto info arahanya kanda😂;positif
ellisoktaviani505;selamat harlah IMM;positif
firgantoro7687;Gresik jalannya banyak yang mulus. lanjutkan Gus;positif
atmaja7238;Selamat dan sukses selalu menumbuhkan hal positif untuk Gresik;positif
iramalika7;IMM maju Gresik maju;positif
kambali999;Selamat dan sukses selalu menumbuhkan hal positif untuk Gresik;positif
anaaryani5;Selamat dan sukses selalu menumbuhkan hal positif untuk Gresik;positif
kaylahandayani87;IMM maju Gresik maju;positif
fiqih.firdaus;❤❤❤;positif
azhar_romadlon;Fastabiqul Khoirot❤️🖤;positif
mahendraaldi5;❤️❤️❤️❤️❤️;positif
immgresik;Salam Faskho ❤‍🔥🔥;positif
zyn_rdh;Selamat Milad ikatanku❤️🔥 Ghiroh maroon, abadi perjuangan🔥❤️;positif
ranggagitahomaya;Selamat Milad ke 60, kapan ada Pasar murah di Bawean khususnya di Sangkapura harga bahan pokok mulai naik ... @pemkabgresik @dprd_gresik @fandiakhmadyani dan @bumin.gresik ...;positif
jefririskiyanda;Salam Faskho ❤‍🔥;positif
ranggagitahomaya;Kapan ada Pasar murah di Bawean khususnya di Sangkapura harga bahan pokok mulai naik @pemkabgresik @dprd_gresik @fandiakhmadyani dan @bumin.gresik dan janganlah lupa dengan siltap para Perangkat Desa belum diterima loh...;positif
indrsigit;Apakah ada pasar murah Bu,,,sekitar Kec Menganti;positif
jung_hyun_sewgres;👍;positif
kateringwk;Mantab;positif
ir.siti_muafiyah;Belanja o rek....;positif
ayunanifa;kalau mau naik apakah masih tetap pakai barcode ta min?;positif
ayuenieindra;Cara daftarnya bagaimana??;positif
pemkabgresik;@ayuenieindra halo kak, daftarnya langsung melalui website dinas parekraf ya kak (www.disparekrafbudpora.gresikkab.go.id );positif
pemkabgresik; iya kak masih menggunakan barcode;positif
ranggagitahomaya;Di Pulau khususnya di Pasar Sangkapura bahan² pokok naik,apalagi ditambah cuaca buruk gak adanya kapal penyebrangan harga bahan pokok tambah naik...;positif
mrsakiko2024;min mohon d sampaikan dong untuk ADD ini bagaimana tolong segera di tindaklanjuti untuk di cairkan ,, gaji para perangkat desa karna berkas sudah pada di kirim;positif
santoso_firdaus;Untuk tujuan Gresik - Madiun - Magetan ada tidak min;positif
ranggagitahomaya;Mudik agar Siltap para Perangkat Desa agar cepat cair,ada tidak min?;negatif
mrsakiko2024;@ranggagitahomaya setuju 3 bulan masih menunggu @pemkabgresik info nya dong min;positif
mrsakiko2024;Info siltap para perangkat desa cepat cair bagaimana min ? nunggu apa lagi ini min @pemkabgresik;negatif
ranggagitahomaya;@mrsakiko2024 udah 3 bulan setengah siltap belum nampak pergerakannya 😂😂;negatif
syalu_u;@ranggagitahomaya H2C itu kepanjangan Harap Harap Cairan yaaa 🤭 senggol @pemkabgresik;negatif
mrsakiko2024;" betul kira"" kapan yaaaa masak harus nunggu hari raya 😮senggol @pemkabgresik agar segera di tindaklanjuti dan semoga segera dicairkan";negatif
ranggagitahomaya;@mrsakiko2024 kasian para Perangkat Desa klo cairnya sampai hari raya 😢😢;positif
hartono6075;Untuk mudik ke Bawean?;positif
riyanti_viva;Min.. klo pake domisili kelurahan bisa gak min..;positif
tantulsan;Mudik Dari luar gresik ke gresik kok g ada min;positif
_____yenee_____;gus yani.. bu min... gresik ke semarang di ada kan juga to bu.. aku sekarang jadi warga gresik.. mau mudik ke kota kelahiran ku ungaran 😢;positif
effhie_elhamizah;Makannya enak sekali. jadi pengen..;positif
rheinev; harap sabar, sedikit lagi buka puasa mbak pik😂;positif
hanyhuni;Ku kira telur dugonf ini tadi mbak 😂;positif
yasmin.megarini;enak banget ini 😋😋;positif
brobeque;enaknya😍;positif
culinaryzta;untung saya lihatnya pas sudah buka puasa min😢;positif
pimpi.id;masyaAllah tabarakallah😍;positif
ranggagitahomaya;Icip-icip takjil emang enak kalo ada duitnya, siltap para Perangkat Desa cepetan dicairkan Puasa Ramadhan mau jalan 6 hari @pemkabgresik @dprd_gresik @fandiakhmadyani @bumin.gresik;negatif
firdadian;bisa gak sih gak bikin ngiler 😔;positif
tookeyrun;seru banget min, info min jam segini jual atau tidak ya?;positif
effhie_elhamizah; itu yang adzan abil gak sih?;positif
rheinev; buka mbak emang adzan dari masjid beneran😂;positif
ranggagitahomaya;Infonya siltap para Perangkat Desa kapan cairnya? 😢😢😢 @pemkabgresik @dprd_gresik @fandiakhmadyani @bumin.gresik;negatif
kodeer21;Jalan balongpanggang ke barat dari kedungsumber Sampek mbabatan mojopuro berlubang &bergelombang tolong di prioritaskan !;negatif
ky_rizky2078;Maaf min jalan raya menganti timur perbatasan Lakarsantri jalannya banyak berlubang mohon segera di perbaiki;positif
indira_prasdisty;Ruang benjeng-duduk sampeyan jalan nya rusak parah lama gak ada perbaikan. Cek aja langsung ke lokasi biar tau separah apa;negatif
_dikaka_;Pasar Menganti ya ada min , sampai arah timur;positif
noe.rockman;Depan new era apa tak ada pengaspalan. Jalan berkerikil dan berdebu.;positif
bawean_mbois;Mohon lakukan perbaikan di Bawean dulu pak;negatif
st.budi27;Alhamdulillah.. Semoga membawa keberkahan untuk masyarakat Gresik aamiin;positif
rochmadaristia;Mohon ijin usul saja, mungkin di siapkan kantong2 parkir,sehingga sepanjang jl Hos Cokroaminoto steril dari pengendara.;positif
ranggagitahomaya;Ya Allah sudah bahan pokok naik di Bawean, ditambah cobaan lagi Pertalite langka? Yang gak becus siapa sih? 😢😢;negatif
ranggagitahomaya;Semoga masalah sampah cepat teratasi dan semoga juga Siltap para Perangkat Desa cpt cair juga udah hampir 3 bulan masih belum ada tanda-tanda, kebutuhan hidup semakin meningkat Bapak Presiden;negatif
lulukisminati;Ada lowongan perawat ta min..;positif
pcipnuppnu;terima kasih😍🙌;positif
dr.titikernakrisna;Terima kasih bapak bupati dan Bu Wabup sudah mendengarkan dan merealisasikan aspirasi dan partisipasi anak anak kabupaten Gresik melalui Komunitas anak Gresik;positif
soemaja;Banjir banjir;negatif
rohmansubkhi;Bu @khofifah cerme masih kebanjiran terus, tanggul jebol lagi dan lagi;negatif
cak.uyi;KPPS lagi ini😁;negatif
hollyfmolly;1 hari laginya mana?;positif
edy2mulya;Clue no. 03 ok;positif
agnes_charis;Ada barongsai nya kapan min???;positif
gempita_spentisagres;Barusan dari sana... bapaknya welcome banget.;positif
suaragresik.id; betul sekali kak, kemarin mimin dari sana juga gak terasa 1 jam lebih ngobrol sambil keliling klenteng 😍;positif
suaragresik.id;@agnes_charis untuk tahun ini karena sedang ada Pemilu 2024 jadi tidak ada perayaan kak, sembahyang saja ☺️;positif
andrew_terro_nababan;Keren Banget Klenteng ini..;positif
suaragresik.id; ayo kak ke sana;positif
andrew_terro_nababan;@suaragresik.id sudah dong..;positif
yoshibuan_broto;Sepi gak ada barongsai padahal sudah ngajak anak 😢;negatif
kartikofausa;Bangunan aslinya yang mana ? Kalau abad 12 gak mungkin bangunanya udah semen gitu;negatif
mariah0190;kalau mau lihat barongsai bisa datang di acara Imlek tgl 17 di SD setia Budhi kak. Sekolah kami merayakan hari Imlek dan ada bazarnya juga. Barangkali mau mampir boleh banget. SD setia Budhi juga adalah SD yang dijadikan cagar budaya karena sudah berdiri lebih dari 50 tahun yang lalu🙏😊;positif
suaragresik.id;yang di dalam kak masih banyak yang asli kayu;positif
kodeer21;Jalan rusak berlubang termasuk darurat apa bisa hubungi 112 min;negatif
gresikakas112;@kodeer21 bisa, langsung infokan ke 112 yaa;positif
yudhabeye; jalan roomo manyar ada lubang dalam. Penerangan kurang buk truk besar2. Bahaya apalagi pas malam hujan 🙏;negatif
gresikakas112;@yudhabeye untuk informasi lebih detailnya mohon kirimkan by DM atau bisa langsung menghubungi 112 (bebas pulsa)😊;positif
infoseputardriyorejo;Kelanjutannya Proyek Sumput bagaimana .... ??? Nunggu Berapa Mobil Lagi Yang Terperosok ??? Atau Nunggu Ada Korban Jiwa ???;negatif
ratnadewiii96;Pak mohon dibantu kami warga sumput juga memerlukan penanganan masalah banjir😭 adanya peninggihan ruas jalan malah membuat banjir kemana2😭 dan memperparah 😭kami mohon diperhatikan juga pak😭;negatif
listyani_agustin;Jalan pas tikungan padeg pak ada lubang dalam kalau malam gelap juga @dputrgresikkab;negatif
sifebri12;Proyek sumput terbengkalai loh pak/bu?;negatif
febyan_06;bisa mengadukan di aplikasi span lapor kak, agar diteruskan ke dinas atau pihak terkait;positif
infoseputardriyorejo;sudah pernah lur, tapi ya gitu;negatif
febyan_06;di coba lagi ya kak, atau bisa datang ke dinas terkait dengan membawa bukti yang valid juga buat diverifikasi di dinas yang dituju;positif
sokojava4;Serahkan ke pusat aaja... ini Gresik selatan langganan banjir terus.. sawah terendam banjir berhari hari itu sudah langgannan bertahun tahun....;negatif
sokojava4;@sokojava4 Tinggal lapor ke pusat negara.. biar di buatkan waduk;positif
kominfogresik;@sokojava4 halo kakak, kami atas nama pemerintah kabupaten gresik berusaha memberikan yang terbaik, beberapa sudah dikoordinasikan dengan pihak-pihak yang berwenang. Mohon doanya 🙏🏻;positif
bob_mahendra;tolong dibantu bringkang yang pom bensin penuh terus dan air makin mengalir ke arah pranti.;positif
snggih;Min, serius tanya, banjir 7 hari di Oma Indah Menganti penyebabnya apa ya?;positif
aguszakariaprivate;Haloo selamat pagi bapak /ibu admin .. maaf sebelumnya saya minta tolong perhatiannya untuk Gresik bringkang menganti desa Pranti perumahan maharaja ,Omah indah, Menganti regency, kingston park .. sudah 1 Minggu air banjir tidak surut2. Mohon supaya dinas PU memantau atau jajaran direksi kebersihan lingkungan .. supaya penerangan jalan, beton cor di Jalan utama kenapa kok tidak ada sama sekali perhatiannya buat Kami pak/bu. Mohon di sampaikan aspirasi kami;positif
merry_bim;Genap 10 hari Oma indah Menganti terendam banjir;negatif
saifularlos163;Alhamdulillah, kalo gini kan petani semangat, di desa kami, di Madura Kab. Sampang . Alhamdulillah sudah dapet bantuan pupuk organik cair.;positif
rohmansubkhi;Pupuk organiknya hanyut kenak banjir;negatif
dwi_vv;Semoga ada solusi karna langganan tiap taun banjir sampe kegiatan lumpuh total;negatif
fery.herdianto__;Terima kasih Gus Yani dan jajaran khususnya Dinas PUTR atas perhatian penanganan banjir diwilyah tersebut,.,.dan perlu solusi pembuatan dan perbaikan saluran drainase air hujan;positif
kang.yusro;Ayoo merawat wilayah pinghir kota...jangan hanya sigap di kala banjir saja.;positif
litekrisna;Semabung Sumput;positif
sokojava4;"""Kawasan Kali Lamong sudah masuk Pemulihan Ekonomi Nasional dan ini tercantum dalam perpres no 80 tahun 2019. Maka seharusnya menjadi konsentrasi prioritas pusat. Karena dibalik peristiwa tahunan ini ada kerugian dari masyarakat sebesar 80 Miliar.""";negatif
ichwansyabana_;Pak graha menganti itu naik lagi pak airnya,sudah 2 minggu loh;negatif
dealer1.64;ada wujudnya?;negatif
miftaarc;Pemerintah gresik ini bisa mengatasi banjir Daerah morowudi ta gak, jalan ya berantakan balongpanggang sampai perbatasan lamongan. Bupatinya ini tidur atau bagaimana;negatif
krisnafcandra;Info banjir part 2 Morowudi;negatif
sokojava4;Total di akhirat saja mas..;negatif
sokojava4; drainase kocak.....hilirnya gak mampu menampung....sumber banjir dari dataran tinggi mantup dan ngimbang lamongan...;negatif
sokojava4;tidak ada...  Biarkan saja, besok ditotal di Akhirat sama orang gresik Selatan;negatif
khoirulyl;Jl kec Dukun -Ds Sawo min, banyak lubang dan bergelombang tolong segera diperbaiki;positif
daniyah8286;Dari aku masih kecil dan kini usia ku 45 dari dulu daerah khusus morowudi dan sekitarnya itu pasti banjir hingga sekarang;negatif
rohmansubkhi;Cerme cerme cerme banjir banjir banjir;negatif
mangrovesidorukun;Next disosialisasikan seperti itu Pak🙏😁;positif
sifebri12;Pak proyek peninggian di desa sumput belom selesai loh pak.😌;negatif
buchariramli;Selamat pagi pak bupati.maaf hanya saran pak kalau lah bisa warung  remang2 di sepanjang rel dari karang kiring ke barata di tiadakan saia ,tidak sesuai dan tidak elok di pandang orang di tanah wali masih ada dan makin menjamur yang seperti itu.terima kasih pak bup;positif
rohmansubkhi;Cerme masih banjir Gus @fandiakhmadyani, tanggul jebol terus, ditembel urukan tanah aja, kenak aliran air jebol lagi;negatif
rohmansubkhi;Pak tanggul Dadap kuning jebol ditambal tanah loh pak, kena aliran air jobol lagi pak, beton pak biar tidak jebol;negatif
pemdes_kepatihan;Ikan bandeng banyak durinya Pas dimakan kok enak rasanya Ayo dulur kita saling menjaga Demi Gresik aman dan sejahtera;positif
onepiec.3;Ada wibu ada otaku, ada otakku ada wibu, meski beda pilihan aku pilih kamu;positif
suarajatimpost_;adminya wibu ini pasti;positif
st.budi27;Selamat ulang tahun Gresikkuuu ❤️❤️❤️;positif
iqbbalrusydi;@ulil_kaylani Gresik Bersholawat 😍;positif
talita.tenda.gresik;Selamat & Sukses HUT Kab. Gresik 537 dan PEMKAB 50🎉;positif
khoirulyl;Jalan Dukun - sawo tolong di perbaiki, banyak lubang;positif
novita.1208;Pawai apa min;positif
mfacidilan;Gresik solawat undang Gus idam min;positif
mar_a_icha;Kira2 ada kirab budaya gak min?;positif
dzikrohs;Jayalah kota Gresik ku,...... Selamat dan sukses HUT kabupaten Gresik 537 dan Pemerintah kabupaten Gresik 50;positif
readaloudgresik;Nunggu festival kulinernya sih 😍;positif
cha.fatim;Info rute pawai Adipura min @pemkabgresik;positif
amndab_;Percuma kalau PDAM tidak ada perubahan;negatif
blossom.skye;tidak ada pawai naik kapal di daerah banjir ta iki?;negatif
deddyyuli;Lokasinya dimana saja min kok cuman tangglnya nanti macet lagi jalannya....😢😢;negatif
ftmtzzahrohh;gak ada jobfair lagi min??;positif
krisnafcandra;Banjir banjir !;negatif
hassansalihamidzic;Min tidak mengadakan fun run kah untuk warga gresik......;positif
uyuk_markuyuk;Kapan pak peresmian BENJENG ANTI BANJIR 😄😁;negatif
cjikull;tidak ada karnavalnya;positif
damkarla.gresik;Selamat dan sukses selalu HUT Kabupaten dan Pemerintahan Gresik 🙌;positif
12105_osakabridgestone;Kenapa ya gak menggandeng pawai pdam gresik;negatif
rezadewantara12;Semoga di tahun ini bisa segera mengatasi masalah2 yang ada di kota pudak ini ... seperti PDAM yang sering mati, macet di karenakan truk2 keluar sebelum jamnya, banjir di karenakan meluapnya kali lamong. tambahkan rek ...;negatif
im.cichiii;Selamat ulang tahun semoga ada penanggulangan banjir gresik selatan☺;positif
kholifkv29;Selamat HUT. Selamat masih banjirr👏;negatif
ftmtzzahrohh;Min hut gresik sekarang kok gak ada info jobfair ya?;positif
maftuchatul_inayah;Pujasera Manyar mana ini?;positif
kimmyangrumpy;air mu jelek banget, ganti nama saja PERUSAHAAN DAERAH AIR MANDI, untuk mandi saja sangat tidak layak;negatif
adheputra7;FYI: terimakasih kepada pak @rslmaarif, kualitas air sesuai permenkes (bahkan lebih baik) 👏;positif
manggagresikofficial;Dibuat perda . Penggunaan kantong ramah lingkungan wajib ASN . Retail2 tidak memberikan kantong plastik. Penjual2 kaki lima . Perbanyak  contoh2 prilaku bijak bersampah di kantor dan tempat umum;positif
rohmansubkhi;Kualitas airnya bagus banget, tapi sering mati PDAM nya;positif
rohmansubkhi;Sehari mati sampai beberapa kali, Luar biasa 👏👏👏;negatif
st.budi27;❤️❤️❤️❤️❤️;positif
blossom.skye;Banjir tolong diurus;negatif
sonys2648;Lapor Pak...jalan Raya depan Pabrik New Era ..rusak parah Pak .membahayakan pengendara..mohon diperbaiki;positif
prisllllll_io;Pak nanti masih ada program mudik gratis gak😂;positif
furrankurniawan;Giveaway jabatan;negatif
eventgresiksby;🔥🔥🔥;positif
tyas_arillah;Lokasi dimana ini kakak ?;positif
cyntia.novia;@tyas_arillah search google kak, RSUD Gresik Sehati ❤️;positif
tyas_arillah;masyallah terima kasih kak sudah di ingetin, lupa sekali harusnya langsung cek maps. Terima kasih kak 🙌;positif
kim.hakim18;Area dukun panceng gak dikasih RSUD juga pak;positif
la.version;👏👏;positif
ahmadtoha.hasan;Good job;positif
olif_tiar;Lokernya ada pak🙏🏻?;positif
_ry.taa;Info lokernya min;positif
silvianasr_;Info lokernya minnn;positif
dhikavynrie;Info lokernya;positif
isaandajati;Selamat untuk pak Bupati Gresik ...maju terus untuk kota Gresik ...❤️;positif
naylawijaya14;Info lokernya pak;positif
siswandi_61;Gresik utara juga perlu, dimana-mana sangat diperlukan;positif
aryo.jaka;info ini;positif
dessysafana;assalamualaikum min . kalau boleh cek jalan dong . dimana2 jalan di desa2 gresik cuma di tambal2;negatif
rez_rahard57;Menganti sudah mengalahkan ramainya kabupaten ... sayang jalan banyak yang belum baik...;negatif
meysayu;(Kemarin hari selasa ) ?? Sekarang hari rabu;positif
haris_rachmad;jas nya bagus sekali gus;positif
fuzi_indiarto;jalanan gresik area desa pecah dan miring2 pak. Tosaku sampai miring2 seperti urang saat lewat.;negatif
iksan.pemuda;Sukses selalu Gresik maju dan jaya;positif
hasbi_barok;@dessysafana maap mbak utk jalan desa urusannya sama pemerinta desa. Tinggal pemerintahan desanya saja memprioritaskan yang mana🙏;negatif
sang_fajar_senja;Semoga ada pengolahan limbah biar ga membeludak;positif
uswahasanah768;Gresik selatan juga dong pak, wilayah balongpanggang dst🙏🏻😊;negatif
tediagustinus.0101;Mantap bapak pimpinan bupati dan wakil bupati. semoga menambah sumber daya pendapatan untuk masyarakat dengan dimanfaatkan menjadi pupuk dan bahan baku bio gas dllnya. dan sapa tau pupuk kompos bisa di ekspor dengan produk umkm di gresik. mantap gresik kota bersih. cuma semoga juga jalan2 di kota gresik tidak ada yang bergelombang dan bolong. hehe. maaf hanya sharing aja;positif
kecowakmacho;Alhamdulillah.. keren Gresik. Duwe TPST;positif
must_ain;Tolong diimbangi dengan infrastruktur jalannya juga dong bapak dan ibu yang katanya memimpin Gresik lebih baik, mobilitas mobil pengangkut sudah sangat jelas berpengaruh dengan kondisi jalan.;positif
pemkabgresik;@meysayu siap salah kak ^^, mimin kurang minum aqua. segera kami revisi;positif
pemkabgresik;@dessysafana halo kak terima kasih atas laporannya, kalau boleh saran kakak bisa menghubungi @urcbimagresik ya atau dapat disampaikan melalui website sp4n lapor gresik agar dibantu untuk di perbaiki ^^;positif
pemkabgresik;@kecowakmacho alhamdulillah pak, semua tidak lupa atas doa dan dukungan dan peran serta masyarakat kabupaten gresik ^^;positif
dessysafana;@hasbi_barok lah mangkanya komen disini kak biar yang pusat ikut pantau bawahannya;negatif
dessysafana;@pemkabgresik kemarin wilayah benjeng ada perbaikkan jalan kak tapi hanya sebatas di tambal;positif
yuli.setia_wan;Harus ada alokasi dana maintenance, umumnya kita hanya bisa membuat tapi tidak bisa merawat;negatif
distro_galery;Jalan daerah desa lampah, ke timur pak, jalanan nya banyak kubangan dan sudah lama nggak di benahi, lampah kedamean;negatif
marimas_kencur;Banjir;negatif
amndab_;Jalannya di Gresik selatan segera diperbaiki banyak lubang2 dalam yang sangat berbahaya;negatif
rezadewantara12;PDAM dan masalah banjir di Gresik Selatan gus;negatif
riyan_bledeth;Min desa saya belum di urus sampahnya. Sudah laporan dan foto sampah numpuk belum di respon @dlhkabgresik;negatif
elfathanazkaprayoga;Gus jika membuat jalan pelebaran yang benar saluran got2 jangan di buntu semua kalau banjir siapa yang tanggung jawab;negatif
elfathanazkaprayoga;kok se enaknya sendiri;negatif
acongrino_;Jangan lupa jalannya dicek juga, banyak orang jatuh akibat jaan berlubang dan bergelombang ;negatif
didi_kecenk;Info jalan morowudi cerme;positif
zaincdu;Gresik Utara kapan Gus 😂;positif
vitriyarezza;@must_ain setujuuu!!! @pemkabgresik;positif
kam_kam031;Balongpanggang kapan nih bapak.?;positif
gresiknubie;Mantap Gus, sekalian dibikin Laporan berkala mingguan atau bulanan via story biar keren Dan warga bisa memantau hasilnya 👍;positif
nur_khoiri27;@pemkabgresik Yang dimenganti TPST disebelah mana min;positif
isaandajati;Gus Yani kwereeennn ...❤️;positif
ranggagitahomaya;Di Bawean bahan² merangkak naik beras,ayam potong semula 20.000 menjadi 24.000 sampai 27.000, telur semula 15.000 menjadi 18.000 😂😂,udah siltap gak cair bahan belanjaan naik 😂😂😂😂 Bapak Presiden @jokowi Ibu Kemenkeu @smindrawati Bapak Bupati Gresik @fandiakhmadyani Ibu Bupati @bumin.gresik @pemkabgresik dan @dprd_gresik;negatif
jn_ryo.anggara;Ada balasan ga?kalau ada. Nitip. Wringinanom juga.;positif
jn_ryo.anggara;@ranggagitahomaya disini jug mas. Wringinanom;positif
ranggagitahomaya;seluruh Desa kayaknya ADD belum masuk ke Rekening Desa, udah hampir 3 bulan masih belum ada siltap... Mana bahan pokok naik Beras semula hanya Rp. 12.000/kg sekarang Rp. 17.000-18.000/kg, telur semula Rp. 30.000/kg sekarang Rp. 36.000/kg, ayam potong semula Rp. 40.000/kg sekarang Rp. 45.000-50.000/kg 😂😂😂;negatif
ranggagitahomaya;belum ada tanggapan dari @pemkabgresik;negatif
jn_ryo.anggara;@ranggagitahomaya maaf ga faham dengan add mas. Apa sembako murah tsb ada hubungannya dg desa ? Maaf sy org awam. Taunya redaksi diatas mengendalikan inflasi . Kok nguweri gitu ya.. seberapa besar dampaknya program tsb utk inflasi?? Tercengang.. kalau merata seluruh rakyat gresik. Insyaallah mantap banget mas... KARENA kenaikan harga bukan dikedamean saja. Tapi semua seluruh bangsa gresik dan endonesa.. jadi harapanya MERATA dan MENYELURUH...;positif
jn_ryo.anggara;lupa.. biasanya bersyarat... Berktp... Ada pembatasan. Dan sekali. Setelah itu gak ada. Tapi ya sudah tidak apa-apa lah yang penting sudah berusaha mengedalikan inflasi;positif
ranggagitahomaya;kirain anda perangkat Desa juga 😂😂🙏🙏;negatif
jn_ryo.anggara;tidak mas. Rakyat biasa. Anda hati-hati. Nanti kalau ada apa-apa saya angkat tangan. Hehehe;positif
arlienzhiel;Cerme iker-iker kapan?;negatif
st.budi27;Selamat ulang tahun Pemkab Gresik ku❤️❤️❤️;positif
wahyujhonis;Keren🤩 Mantab👍🏽;positif
talita.tenda.gresik;Gresik semakin maju ♥️🤍🇮🇩;positif
ranggagitahomaya;Selamat Hari Jadi Gresik ke 537 Semoga Gresik tambah maju... Dan janganlah lupa siltap Perangkat Desa udah hampir 3 bulan belum cair dan jangan lupa di Bawean harga bahan pokok tambah naik beras semula Rp. 12.000/kg sekarang Rp. 17.000-18.000/kg, telur semula semula Rp. 30.000/kg sekarang Rp 36.000/kg, Ayam Potong semula Rp. 40.000/kg sekarang Rp 57.000/kg,gula kristal Rp 15.000/kg sekarang Rp 18.000/kg..;negatif
marysa_hondamotorsby;Semoga Gresik makin maju... aamiin.;positif
pemkabgresik;@marysa_hondamotorsby amiiin;positif
inibukanrino;Banjir banjir di Morowudi;negatif
marysa_hondamotorsby;Semangat bekerja 🔥🔥🔥;positif
hantuempatempat;Semoga ada kenaikan gaji lagi buat para pengangguran 🔥🔥🔥🔥;negatif
ranggagitahomaya;Selamat Hari Pekerja dan semoga Alokasi Dana Desa segera tersalurkan ke Rekening Pemerintahan Desa Bpk Presiden @jokowi Ibu @smindrawati Bapak Bupati @fandiakhmadyani Ibu @bumin.gresik @pemkabgresik dan @dprd_gresik agar Siltap Perangkat Desa terbayarkan 🙏🙏;positif
abdillah_nur99;ada hari buruh nasional..ada hari pekerja nasional.. nanti ada lagi hari karyawan nasional, hari pegawai nasuonal & hari kuli nasional 😂;negatif
inibukanrino;Banjir² morowudi;negatif
marfiatin2;Jalan bungah - dukun - karangcangkring banyak yang rusak.. hampir 5 THN tak tersentuh perbaikan.. beberapa butuh di tambah tapi banyak yang harus di tutup aspal LG . mestinya sejak awal menjabat jalan itu tidak di biarkan rusak seperti sekarang,mestinya ada pengaspalan lagi.. kalau sekarang sulit Karena 30km tentu biayanya besar.. gak mungkin setahun selesai. kami rakyat kecil cuma bisa mengeluh;negatif
septianwr;jalan mayjen sungkono hari ini apa kabar ?;negatif
sonys2648;Nanggap wayang Kulit ya;positif
talita.tenda.gresik;Info job 😍;positif
mfacidilan;Gresik solawatan undang Gus Idam min;positif
ahmadariansyah1;Penting Gresik Selatan diurus, kasihan karena banjir jadi agenda tahunan;positif
sramasmdy;logonya menarik, tapi tidak relevan dengan semangat dan visi misi kabupaten gresik.. terutama ini dijadikan logo Hut Kota. kalau dijadikan logo disparbud baru cocok.. terlalu rame. harusnya pemkab mengadakan sayembara logo untuk memancing minat masyarakat juga, sadar sejarah budaya dan semangat pembangunan di kabupaten Gresik;negatif
pemkabgresik;@sramasmdy terima kasih kak atas saran dan masukannya 🙏;positif
pemkabgresik;yuk kak langsung download aplikasi gresikpedia dan pilih gresik kerja ya;positif
pemkabgresik;siap kak, akan kami pertimbangkan ^^;positif
blek_tok;undang azzahir min Gresik bersholawat;positif
bonengmerchandise;TIDAK SESUAI DENGAN CIRI KHAS KOTA GRESIK😂😂;negatif
infoseputardriyorejo;di jadikan Ikon Gresik sepertinya 😂😂😂;positif
ftmtzzahrohh;Min hut gresik sekarang kok gak ada info jobfair ya?;negatif
ariesfergie;Logo sangat generik, untuk gresik lebih baik tiap ultah bikin sayembara logo kek, hadiah 10jt saja sudah banyak pesertanya;positif
ariesfergie;saya lihat logonya bikin sakit mata;negatif
pemkabgresik;halo kakak terima kasih atas responnya ^^ akan kami pertimbangkan saran2 yang masuk ke kami 😉;positif
pemkabgresik;@blek_tok halo kak blek, terima kasih atas sarannya ya. Akan kami pertimbangkan 😉 stay tuned ya;positif
gresikcreativehub;Kami harap masih ada kesempatan buat sayembara logo min, jumlah desainer di Gresik tidak kurang. Salah satu bentuk menghargai keberadaan seniman, dkv, ilustrator, desainer, dan sebagainya begitu 😇;positif
ainizyn_;setuju;positif
barlian.amar;coba cek hastag #Gresik537 challenge yang diadkaan teman2 @infogresik x @herodeco.id terbukti banyak designer2 Gresik yang bgaus2,.. ayo diakomodasi Min;positif
vellyaw;Jalan raya munggugianti dong min, depan PLN Benjeng itu banyak lubang jalan huhuhu. Tetap semangat Tim 🙌;positif
pemkabgresik;@vellyaw halo kak vellya 😉 terima kasih atas laporannya ya akan kami teruskan ke opd terkait @urcbimagresik Bisa di bantu juga untuk melaporkan melalui SP4N Lapor Kabupaten Gresik.;positif
vellyaw;Oke mimin terima kasih❤️;positif
havidwidodo;Depan makam morowudi cerme sangat dalam. Sehari tanggal 240224 sudah 10 pengendara jatuh. Ada yang patah tulang.;positif
buesh_one;bagus;positif
haris_rachmad;raya kepatihan. bahu jalan yang dari sertu terkikis akibat banjir. Sayang kalau sampai cor jalan rusak;positif
ahmadtoha.hasan;Good job;positif
kodeer21;Jalan balongpanggang arah Mantup tepatnya dari desa kedungsumber Sampek mojopuro mbabatan jalannya berlubang bergelombang tolong di prioritaskan min....;positif
st.budi27;Aamiin.. ❤️ semoga semakin kompak untuk persiapan periode ke 2 hehe;positif
buchariramli;Selamat dan sukses buat pak Yani dan bu amin,semoga memimpin Gresik lebih baik kedepan,dan di sini saya minta buat pak Yani kalau lah bisa warung remang remang di sepanjang rel dari karang kiring ke barata ditiadakan di tanah wali ini. pasti ada oknum tidak mungkin tanah kereta api bisa di pergunakan begitu saja. ini harapan saya semoga bisa terlaksana ..salam sukses kedepan nya;positif
marfiatin2;nanggap wayang Kulit ya;positif
jazzy_kampoeng;perlu di perbaiki banyak untuk pendidikannya;negatif
prisllllll_io;Pak kami tunggu info mudik gratisnya lagi😂😍😍;positif
gresik_info_loker;Info pembagian sekrop kah Ini pak?;negatif
_.sh4uqy._;Lah cocok, segera ditanam di jalan Mayjend Sungkono, lubangnya sudah bisa dipakai untuk menanam tanaman jati ;negatif
rohmansubkhi;Bangun tanggul pak agar tidak jebol terus, masa hanya diuruk tanah saja, dibeton pak tanggulnya #cermebanjir @fandiakhmadyani;negatif
yomans131;Pupuknya gus;negatif
mochtarwib;Hoi.. Benjeng BANJIRE tolong diurus???;negatif
fanndt_;pak, jalan dermo kecamatan benjeng tolong diperbaiki pak, masa yang dicor cuma sebelah😭;negatif
maarif1515;Ruas jalan poros dampaan dungus kapan di bangun;positif
caterinachandra;Mohon PUPR terhormat... Mohon bantuannya Di driyorejo kota baru di belakang citraland CBD banjir cukup tinggi kira2  Kapan akan di pasang gorong2 nya 🙏;negatif
yudhabeye;Tinggal penertiban operasional jam truk. Biar manyar tambah jos 😬👍;negatif
massa.id_;Mantap pak, mohon di tambah kerindangan di tepi2 jalan ya pak semangat;positif
gio.wardhna;Tahap 2 tahap 3 siap2 macet rek 😂;negatif
hendrastono;BPN = Badan Pertanahan Nasional ;positif
anggittaaak;"Menganti kapan pak ? Terutama perempatan daerah pasar itu. Pusing tiap pagi selalu macet. Jalan kecil, yang ke pasar banyak parkir bahu jalan, tambah macet pak . capek 11 tahun tinggal di menganti, beberapa tahun terakhir gitu terus 😢😢😢 tolong diperhatikan yang ""gresik pinggiran"" juga dong 🙃";negatif
soemoja;KBD tolong diperbaiki min;positif
wijaya_im;Apa gak ada rencana paling tidak sampai sembayat, manyar memang tidak macet tapi macetnya bergeser ke arah gresik utara;negatif
sukiman631;Mohon truk yang parkir di pinggir jalan ditertibkan karena itu yang kadang buat macet juga dan membuat pinggir jalan rusak;negatif
ky_rizky2078;@anggittaaak siap laksanakan;positif
zainularifin119;Alhamdulillaaah semoga menjadi berkah …;positif
andhitanisa;joss sampai jadi wisata seribu lubang 😂;negatif
soemoja;ini saya panggilkan Gus nya. @ahmadmuhdlorali;positif
reogpawargo;Cerme min setelah rel kereta api sampai Polsek perlu diperluas @dputrgresikkab;negatif
ubaidil_mukhlas;Tambak kapan pak ?;negatif
andhijoss;Kalo bisa dari dulu lebih baik....🙏;positif
fery.herdianto__;Iya pak tolong juga dijalan raya menganti juga dapat perhatian,.,.,.macet nya juga terasa pas pergi dan pulang kerja;negatif
mas_mada92;Macetnya pindah di depan jiipe pak 😂;negatif
ulfie_93;Keren 👏;positif
davidbec76;Min ...lahannya sudah bebas semua kah .... Kalau sudah tolong secepatnya;negatif
kang_majid76;Kali ini saya kasih plus dulu sampai penggunaannya nanti tepat sasaran jam operasional dump truk bisa di pertegas lagi;positif
alfin_xsb; JANGAN LUPA Greenstreet Penghijauan Jalan yang rindang. Ingat Polusi Gresik Meningkat traffic nya juga. Apalagi saat musim Kemarau. Ayo selamatkan Gresik sejak Dini. 👏  @fandiakhmadyani;positif
swpriadi;Di tahun 2024 TOLONG seluruh sungai di Dusun Betiring, Desa Banjarsari, Cerme untuk irigasi / pengairan pertanian dilakukan normalisasi, mulai dari dam karet sampai sungai dalam dusun.;positif
fery.herdianto__;Tolong bapak yang berkompeten untuk normalisasi saluran juga di desa bringkang dan desa pranti yang dahulu juga terdampak banjir,. . .karena kondisi sekarang saluran tumbuh enceng gondok yang membuat saluran dangkal .... Terima kasih perhatiannya;negatif
dwi_ratnasari777;Semoga sukses;positif
ginanjar.sarwo;Pak ditunggu di desa pranti :);positif
cak_lank;Bagaimana dengan 2 kecamatan yang ada di bawean. Kok serasa dianak tirikan. Semoga pesan ini tersampaikan ke pemkab gresik.;negatif
dhiannita_tri_astuti;ijin menjawab, alhamdulillah sudah hampir 1 tahun ini, Dinas PUTR melaksanakan pengerukan sungai dan normalisasi di Pulau Bawean. Alat berat beserta safe loader nya sudah melayani , bertahap. Selain itu rehabilitasi dan pembangunan jalan serta saluran juga dilaksanakan. Semoga bermanfaat untuk masyarakat Bawean dan meningkatkan perekonomian, ketahanan pangan dan konektivitas di Pulau Bawean 🙏;positif
dhiannita_tri_astuti;@swpriadi , Alhamdulillah sudah dalam perencanaan  DPUTR,  segera akan disusun timeline pelaksanaanya;positif
dhiannita_tri_astuti;siap, normalisasi sedang berjalan terus, akan dicek jadwal ke daerah tersebut.;positif
dhiannita_tri_astuti;Terima kasih atas dukungan masyarakat;positif
muhammadsuliyanto;"Jalan poros Dampaan - Dungus ..setengah""😢";negatif
swpriadi;Semoga segera terealisasi nyata bukan harapan palsu @fandiakhmadyani;negatif
dputrgresikkab;Terima kasih untuk dukungannya ❤️;positif
dputrgresikkab;@ginanjar.sarwo Baik Pak, daerah pranti sudah dalam perencanaan DPUTR, segera akan kami tindak lanjuti;positif
dputrgresikkab;@muhammadsuliyanto Baik Pak, nanti kami koordinasikan dengan tim DPUTR Bidang BM mengenai perbaikan jalan;positif
sreetts;Info surveyor;positif
uncle_noe55;Mantap 🙌;positif
aris.mawan21;PDAM kenapa mati terus;negatif
aris.mawan21;PDAM mati terus;negatif
skinslimplusgresik;Semangatt kkn nya kakak kakak😍😍😍;positif
faridmaruf22;Beh percuma tidak bisa melayani dengan 3 rumus mudah murah cepat;negatif
kyrahafsha;Upati Gresik min, typo 😢;positif
yogiyakarta;Jalan Panglima Sudirman juga sekalian mohon diperbaiki min 🙏;positif
dputrgresikkab;@yogiyakarta Baik kakak, akan kami agendakan untuk perbaikan di ruas jalan tersebut 🙏🏻;positif
satriantoro_vv;Jalan pucem kapan disambung??;positif
yogiyakarta;@dputrgresikkab ok kak ditunggu 🙏;positif
maarif1515;Jalan poros kabupaten yang menghubungkan dari desa dampaan sampai dungus mohon untuk di tinjau;positif
yu_dha02;@dputrgresikkab jalan roomo kak sangat rusak parah;negatif
dputrgresikkab; Mohon maaf kak, untuk informasi penting bahwa ruas tersebut adalah Jalan Nasional, maka yang berwenang @pupr_jalan_jatimbali 🙏🏻 Terimakasih;positif
andreaz6594;Mantab gus 👏👏😍😍 salam 2 periode;positif
talita.tenda.gresik;bagus Gus.. lanjutkan 👍🏽👍🏽👍🏽;positif
davidbec76;Ya gitu dong cepat;positif
skaringg;Pak, jalan raya dekat SDN 1 Menganti depan Tanti Salon ada lubang besar yang pasti membahayakan karna musim hujan.. mohon bisa ditindaklanjuti @fandiakhmadyani;positif
ayambangputra;Terima kasih Pemkab Gresik dan jajarannya, saya selaku domisili Gresik dan berniaga di area Jl. Sunan Giri merasa bersyukur jalan nya sudah halus, jalan yang setiap hari saya lalui untuk berniaga ayam potong di Jl. Sunan Giri no. 159 🙏;positif
mra_172;Jalan area bata tolong diperbaiki juga;positif
eddypancoro;Siap..,segera ditindaklanjuti kak 🙏;positif
alfanhabibiikh08;Percuma min jalan diperbaiki tapi parkir motor dan  mobil gak ditertibkan. Banyak tuh mobil pribadi yang parkirnya sampai makan bahu jalan. ruas jalan jadi sempit, perjalanan jadi tersendat. Apalagi kalau pas peziarah buanyak, mobil elf banyak yang parkir pinggir jalan.  Mungkin sediakan tempat parkir baru yang lebih luas dan representatif, atau elf langsung diarahkan saja parkir di terminal seperti bus.;negatif
kajikotor;aspal @tripalindotransmix bagus;positif
noe.rockman;Tolong kualitas pengerjaan jalan berlubang dipertigaan sumber giri diperbaiki. Belum sampai 1 bulan, bolong lagi @urcbimagresik;positif
sosranger_gresik;@dputrgresikkab iya min minta tolong daerah pinggiran trotoar udah banyak rusak kena akar pohon;positif
irwanprast;Jl. KH. Syafi'i dari Bunder sampai Tenger pengaspalan asal2an terutama yang bekas galian pipa;negatif
hadi_gondezt;lubang di Sekar kurung.. min. Gali lubang tutup lubang 😂😂;negatif
jejaklangkah1989;Yang parkir mohon di sterilkan, biar tidak macet 👏;positif
bobsaso;masih ada airnya kenapa langsung ditumpuk aspal sih;negatif
fitrinurqoidah;Yang parkir di bahu jalan sebaiknya ditertibkan gus mengganggu lalu lintas yang akhirnya macet sruntul sruntulan 😁 biar lebih teratur lalu lintasnya seperti di malik ibrahim di sediakan akomodasi khusus;positif
ittss_zee;betul mbak,,mana ketambahan ugal²an tukang ojek giri 😂😂😂,, sudah seperti pembalap;negatif
dputrgresikkab;@ayambangputra MaasyaAllah TabaarokaAllah, iya sama-sama kakak 🙏🏻 Semoga usaha nya semakin sukses 🤲🏻🥰;positif
fanndt_;jalan desa dermo benjeng pak tolong diperbaiki, masa yang di cor cuma setengah;negatif
novia.handoko94;Pak air pak.. Gresik ini masalahnya cuma di air sama jalan yang tidak bagus😂;negatif
novia.handoko94;Pak air donk pak.. Ini susah sekali lho mati2 terus airnya 😂 pdam jangan diam dong;negatif
skaringg;Terima kasih.. sore ini saya lewat sudah diperbaiki..luar biasa respon dan kinerjanya..🔥;positif
fahmisyaifudin_;Yang  bahu jalan kena air hujan sekali langsung hilang pelesterannya;positif
iva_mamanya_feza.omar;Bertahan sebulan sudah rusak lagi;negatif
andri.mtc;Jangan jalan sunan giri saja.. pelosok gresik juga harus di perhatikan;negatif
bloods.gresik;Good job pemkab gresik dan jajarannya🔥;positif
skaringg; Pak maaf jalannya sudah berlubang lagi.. sudah dalam..karena kondisi jalan lebih rendah dari sisi seberang jadi air menggenang di situ.. mohon bantuan lagi pak.. karena bahaya.. daerah ramai..sama depan sekolah sunan giri juga ada lubang kalau malam tidak terlihat karna tidak ada lampu jalan..;positif
skinslimplusgresik;😍😍😍😍;positif
radar_jatim;Bagus dan mantap lanjutkan Mbak Ning;positif
pkk_desakisik;terima kasih Bu Yani beserta Rombongan sudah datang di Desa Kisik;positif
yanz.yans;Bagi dong bibitnya Bu...;positif
hartoyok23;Alhamdulillah;positif
achmad_nadhor_susilo;Alhamdulillah gus .;positif
a_nangb0ys;Gus permudah juga untuk petani tambak daerah mengare-sidayu-pangkah solar di sini di batasi terkadang juga di persulit sedangkan ikan bandeng hidupnya dari diesel solar sangat penting  buat kehidupan ikan bandeng gus;positif
yongki_saputra85;Joosss gus mantab;positif
ri.fki2698;Pak jalan Bungah ke barat kenapa tidak diperbaiki? Katanya dulu berjanji akan ada kemajuan, kok gak ada kemajuan pak😔😔;negatif
wahyujhonis;Bismillah... berkah, barokah, manfaat🤲🏻👍🏽;positif
didinmenn;Mantap gus, semoga berkah semuanya😁;positif
muhammad.musthofa.73997;anda memang👍👍👍✌ saya senang jika anda tampil dengan Bu Min @aminatun_habibah;positif
_santi.putri;Byuuuh pak toyani diwawancarai;positif
tazqiaauliaz;@kemalfazza wkakakakakak;positif
khakimarifrohman;bagus ini Gresik Juara pokoknya;positif
namikuloindra;Mantap mas bupati;positif
kikiput_;Pak bagaimana ini pak, pdam morowudi mati sudah 2 minggu ini , menyala tapi debit air sangat kecil . Duh kah capek menunggu air;negatif
ikanurrahmi;Gus,  Air PDAM macet di wilayah Gresik kota sejak kemarin Kamis 11 Januari 2024. Saluran komunikasi pelanggan dengan akun medis @pdam.giritirta tak pernah ditanggapi.  Akunnya sudah lama nonaktif.  Warga masyarakat sudah bosan dengan kondisi seperti ini,  gua.  Tolong direksi PDAM giritirta ditegur;negatif
yesiaminnanti;Lanjut 2024-2029 Gus 😍;positif
ityonavy;semoga di akhir tahun 2024 nanti @perumdagiritirta bisa taubat dan berubah dari zalim menjadi amanah, tahun 2023 ditutup dengan pemadaman air yang dibumbui korupsi waktu mulai padam sebelum jadwalnya, dan tahun 2024 diawali dengan dusta terhadap janji waktu perbaikan yang seharusnya selesai di 31/12/2022, nyatanya;negatif
aris.mawan21;air mati;negatif
aris.mawan21;air mati;negatif
foragustina;air;negatif
aris.mawan21;PDAM KOK MATI TERUS WAE;negatif
aris.mawan21;Gresik Ini kaya tapi air mati terus;negatif
amndab_;Tae ! PDAM tidak pernah dibenahi cuk;negatif
aris.mawan21;PDAM KOK MATI TERUS WAE;negatif
aris.mawan21;Gresik Ini kaya, tapi airnya selalu mati;negatif
amndab_;Tae ! PDAM tidak pernah dibenahi cuk;negatif
umbaran504;Next para kepala dinas Gus. Diganti;negatif
pambudibenny;Semoga setelah ini gak lupa pada sumpah nya....;negatif
diimsaputra;itu kopyahnya kecil, bagaimana gus ?;negatif
gusnawi;Semoga tidak ada efek samping PILKADA;negatif
marfiatin2;jangan sampai rugi lagi..kerja yang benar… kalau sampai tidak berubah, berarti bupatinya yang harus dievaluasi..bupati sebelumnya sering surplus..bupati harus bisa dan bikin Gresik jadi sangat maju bukan jalan di tempat;negatif
owner_bento_house_01;sudah lupa 😁;negatif
kang_majid76;yang kompak gus aparaturnya agar tidak berjalan sendiri2😂;negatif
skinslimplusgresik;Semoga senantiasa amanah yaa paakk❤️❤️;positif
dina.nra;Izin bertanya, apakah Pemkab Gresik tidak ada program beasiswa seperti halnya pada Beasiswa Pemuda Tangguh Pemkot Surabaya?;positif
hendra.wijaya1910;beresin air PDAM tidak bisa malah bingung korupsi;negatif
amndab_;nah betul ini mas, cari kubu mungkin dia;negatif
gresik360;Hai kak, bantu follow kami ya😊;positif
gresik360;Hai kak, bantu follow kami ya😊;positif
eventgresiksby;Makin giras🔥;positif
st.budi27;alhamdulillah;positif
st.budi27;Mantap❤️;positif
farydhiday07_;Ruas jalan mana saja ya min, yang berlaku jam?;positif
hasan_nasrullah__;Min daerah tenger Manyar @pemkabgresik @jatimpemprov @dishub.kabgresik @infogresik @inigresik;positif
wawan.okem;Gresik darurat dump truck 😢;negatif
novakaeyjoew;Jam operasional yang mana masih banyak dump truk yang tidak pakai penutup terpal juga gresik punya dishub gak sih bikin peraturan doang gak ada praktek di lapangan;negatif
harrykennedy8836;Gimmick, jalur lasem-petiyin tronton besar aman-aman saja.;negatif
zafrankafa;Tolong dump truck yang parkir di sekitar pintu masuk maspion di tindak pak, atau harus ada petugas yang jaga di jam2 sibuk, meskipun sudah ada rambu larangan parkir tetapi setiap hari masih banyak yang parkir, jalan di perlebar tetapi banyak yang parkir ya sama aja bohong pak, Terima kasih semoga ada respon 🙏;negatif
tamammamat95;Setiap hari masih banyak pelanggar jam operasional;negatif
gresco.id;Dump truk kalau sore malah lewat jalan kertosono-dukun-bungah semua;negatif
ahmadtoha.hasan;Amazing;positif
rizki.kurniawan_;He min, driyorejo itu mana sih harusnya? apa harus saya buat Pemkab Driyorejo keluar dari Gresik? Mulai banjir sampai jalan rusak ya diam saja, itu yang diberitakan jika gagal apa tidak ditertawakan orang se gresik kah tenaga ahlimu? karena dari Peninggian dan Pengecoran jalan Sumput-Semambung saja katanya bisa mengatasi Banjir, tapi ini buktinya malah kebanjiran wkwkwkwk lol;negatif
gresik_darurat;Cek ig kami untuk bukti pelanggaran jam operasional dump truck;negatif
rery_gracious911;Ya gitu dong jadi pemimpin yang cerdas.  Jam operasional harus di tetapkan.;positif
moch.a.alamsyah.357;Kalau bisa jangan jalur pantura jalur selatan juga harus sama karena sangat padat;positif
st.budi27;Terima kasih Gus dan Bu Min.. Bangga jadi Kader HmI dan warga Gresik, yang miladnya diucapkan langsung sama Bupati dan Wakilnya 💚🖤;positif
alaikhi;Yakusa;positif
safiqhisamhisam;Wilayah sukomulyo pertigaan tenger setiap pagi itu pasti macet soalnya yang pertama itu banyak bus jadi proyek jiipe yang ambil penumpang di pinggir jalan terus yang kedua truk di saat jam sibuk berangkat kerja sekolah tolong di usahakan jangan beroperasi dulu gitu yang membuat jalan di situ selalu macet;positif
isbahatun_nimah;Cerme, benjeng, Menganti masih banyak berkeliaran, bertepatan kami mengantar sekolah pukul 6 pagi. Sangat menganggu dan menakutkan;negatif
hisbullah.huda1;Perasaan Gresik gak ada peningkatan sama sekali, masih berantakan.;negatif
gio.wardhna;Truck yani putra ikut parkir gak?;negatif
den_dhiki5;Mantap pak bupati;positif
pemuda_poloss; gak ehh 🙊;negatif
rijal_putra;kalau bisa driyorejo juga pak, masa berangkat kerja jam 6.30 sudah banyak truk, padahal dulu tidak ada;negatif
sukiman631;Daerah duduksampeyan juga perlu ada tempat parkir buat truk, biar tidak parkir di sebelah kiri kanan jalan.;positif
kominfogresik;@rijal_putra sabar yah lur;positif
kominfogresik;mohon sabar bu, laporan siap disampaikan;positif
kominfogresik;@sukiman631 siap lur;positif
kominfogresik;berantakan bagaimana ini mas waduu;positif
kominfogresik;siap siap lur terima kasih laporannya;positif
rijal_putra;biasanya yang lalu lalang di jalan raya driyorejo itu ya truk2 pabrik di wilayah situ, bukan lintas kota min, jam 6 jam 7 gitu sudah ramai truk,;positif
hisbullah.huda1;perasaan masih kalah sama sidoarjo yang terus berbenah. Contoh pasar gresik yang berantakan. Pengendara yang melawan arus tidak ada penanganan. Raya sukomulyo yang tiap pagi macet, jalan kh safii banyak lubang bekas2 proyek yang masih dibiarkan tidak rapi, kurangnya teguran pada kontraktor.. masih perlu pembenahan. Baik infrastruktur dan pembelajaran pada warganya. Jangan kalah dengan kabupaten tetangga yang pabriknya tidak sebanyak di gresik. Gresik selain dikenal kota santri sekarang dikenal kota industri modern;negatif
apemonline;lucu, nurut kyai kok gini;negatif
wahyujhonis;Alhamdulillah, semoga bisa mengurangi angka kecelakaan yang disebabkan oleh kendaraan besar🤲🏻;positif
manggagresikofficial;Minus indikator PAD 😢;negatif
hajir_bbw;Mohon izin pak @fandiakhmadyani dan dinas @dputrgresikkab untuk mengecek/memperhatikan kondisi jalan poros wilayah Desa Lampah Kec. Kedamean, sangat tidak layak untuk dinamakan jalan!!! #SaveJalanRusakGresik #GresikSelatan #Kedamean #DesaLampah;negatif
herifebrian8;Sana terus.. kapan pelebaran jalan raya Desa mojosarirejo kec Driyorejo Gresik di bangun... Yang arah ke Menganti.. sangat sempit;negatif
dr.titikernakrisna;Masyaallah tabarakallah;positif
reogpawargo;buatkan jalan tembusan bungah Manyar min;positif
remanmahessa72;Kenapa gak di beton sekalian;negatif
rumahhargapromo;👏👏 Jozzz;positif
esonfikri;Mantab 👍1000;positif
sidik__as;bagus sekali;positif
maulidah_fahdian;Jalan tembusan PPS pak bupati , termasuk jalan alternatif desa suci kalau ada acara nitip jalan;positif
ri.fki2698;jalan bungah ndukun kapan pak yani;positif
_dmsarlfbriansya;Jalan Pantura Gresik utara gak diperbaiki juga ta;negatif
nevioktaviara10;lihatlah, daripada dulu yang cuma bikin tugu di pusat kota.. hasil kerja pak yani bikin bagus jalan pun, lebih banyak kritikan daripada kalimat terima kasihnya..;positif
lukmansinyo771;Mohon izin  @fandiakhmadyani,,,,, tolong  di tinjau lagi  soal  bendungan karet kedanyang di aktifkan lagi pak,,,, 🙏🙏,,,, supaya petani tambak bisa memanfaatkan air  untuk pengairan seperti bendung gerak;positif
ferdyan.dirgantara;Min, kalau hujan tolong tengok jalur air depan PPS mengarah mana.. endingnya jalanan gapura tebalo(dahanrejo) banjir;positif
dputrgresikkab;baik kak, akan saya sampaikan kepada tim terkait drainase🫡;positif
ferdyan.dirgantara;@dputrgresikkab makasih kak.. jika perlu surat pengajuan resmi mohon arahan via dm;positif
rumahhargapromo;🔥🔥 Jozzz;positif
risaall_88;Min kali avour Wringinanom tolong dikeruk normalisasi karena pendangkalan agar kalau hujan gak banjir mohon jadi atensi 🙏;positif
dputrgresikkab;baik kak, bisa kami sampaikan ke tim drainase @dckpkpgresik 🙏🏻;positif
ri.fki2698;jalan bungah ndukun kapan di perlebar😂😂;negatif
ntrahman2013;Min tolong jalan poros kabupaten yang antara Ngabetan Karangan depan perumahan baru, rusak parah loh.;positif
ferdyan.dirgantara;terima kasih @dckpkpgresik mohon jika hujan di tinjau banjir area gapura tebalo area dahanrejo.. jalan sudah naik 20cm tahun lalu pun tetap sekarang tergenang karena masalahnya saluran bukan jalan..;positif
cak_nur_kolas;menangkan pilbup untuk 2 periode;positif
m4rs4l1m;180 liter, 180 botol aqua se liter tiap detik. seberapa besar pipa nya ?;positif
harunclean;Bringkang ,buyuk , pranti masih banjir sudah seminggu instansi dinas terkait gak ada yang gerak;negatif
alvian_agashy;Tolong jalan ruas semengko sampai jatirembe parah banyak lubang, tolong di overlay,...;positif
teguhharriyy_;alhamdulillah, semoga tahun ini sudah dianggarkan untuk pelebaran dari duduk sampeyan sampai metatu;positif
putraagung1211;Pasar balongpanggang ke utara itu min rusak parah.;positif
fanndt_;desa dermo kec benjeng min, dicor juga dong separuhnya, masa tinggi sebelah min;negatif
moh.zainuddin;Yok bisa yok . . . Manyar sak pengalor gus @fandiakhmadyani;negatif
kodeer21;Balongpanggang arah Mantup dari desa Kedung sumber Sampek mojopuro mbabatan tolong di prioritaskan min...;positif
hadiramasenju26;akan di lewati trans jatim;positif
anabudi__ramadhani_03;@teguhharriyy_ Aamin🤲🏻;positif
dputrgresikkab;Mohon maaf kakak jalan tersebut termasuk Jalan Poros Desa, Pekerjaan Beton tersebut yang mengerjakan Pihak Desa 🙏🏻;positif
dputrgresikkab;Terima kasih atensinya, sudah menjadi catatan kami. Nanti disesuaikan dengan anggaran yang ada 🙏🏻 Terima kasih;positif
dputrgresikkab; Terima kasih atas atensinya, sudah menjadi catatan kami. Nanti akan kami sesuaikan dengan anggaran yang ada 🙏🏻 Terima kasih;positif
dputrgresikkab;Terima kasih atas atensinya, sudah menjadi catatan kami. Nanti akan disesuaikan dengan anggaran yang ada 🙏🏻 Terima kasih;positif
dputrgresikkab;Terima kasih atas atensinya, sudah menjadi catatan kami. Nanti akan disesuaikan dengan anggaran yang ada 🙏🏻 Terima kasih;positif
putraagung1211;siap terima kasih min. Semoga segera diperbaiki.;positif
bloods.gresik;kerja bagus pemkab gresik dan jajarannya👏;positif
dikdasmenpantenan;Jalan Raya Daendels Panceng - Sidayu banyak yang rusak Gus. Mohon diberi perhatian. Terima kasih 🙏🏻;positif
priyantomaulana06;Alhamdulillah dari pertigaan pasar balongpanggang ke arah utara tepatnya jalan Raya Sambiroto sudah mulus dan lebar jalannya, terima kasih 🙏 Cuma sayangnya bentuk aspalnya mengikuti aspal yang lama jadi kalau hujan tetap terjadi genangan air bahkan kalau deras menjadi banjir di titik yang sama sebelum diadakan perbaikan, seharusnya mulai dari pertigaan ke utara dari tinggi semakin landai agar air bisa langsung menuju sungai di jembatan sekolahan, selain itu di beberapa titik u ditch nya lebih tinggi dari jalannya. Terima kasih;positif
priyantomaulana06;Selain itu ada problem lain juga yang harapannya bisa di tata lagi supaya lebih rapi & tertata yaitu parkiran di depan pasar & depan rumah sepanjang jalan raya sambiroto karena menimbulkan kemacetan juga, tujuan jalan di perbaiki & dilebarkan adalah untuk memperlancar arus lalu lintas & kenyamanan;positif
fatich_alamsyah;Jalan sumengko ke jalan Jatirembe gak layak di lalui berlubang dimana mana dan kurang lebar karena dilalui dump truck kecil bawa tanah tolong atensinya;positif
davyapr;protes ke lurahmu 😂;negatif
fanndt_;lurahnya anti protes🤣;negatif
davyapr;lurahnya kena kasus ta 🤣;negatif
cahyoazz;Metatu-Duduk dilanjutkan tolong;positif
rizha_makise;Pedel galian C tolong ditutup bosku . Di tertibkan kalau tidak coba saya lempar ke kepalamu;negatif
yudiilaw;Jalanan bunder cerme dan sebaliknya masih banyak truk yang melanggar jam operasional pak;positif
kominfogresik;@yudiilaw siap laporan diterima lur @dishub.kabgresik segera ditindaklanjuti min;positif
m_amirul_mukminin;Semoga aturan jam operasional truknya istiqomah y @pemkabgresik @fandiakhmadyani @dishub.kabgresik gak cuma berakhir sampai tanggal 15 Januari 2024 & semoga sambatnya orang Gresik didengarkan & dijalankan istiqomah y @pemkabgresik @fandiakhmadyani @dishub.kabgresik Aamiin;positif
suneo_cink;tapi yang dari barat dihadang parkir tapi yang dari timur jalan terus;positif
mravi_ka;yang area cerme diparkirn tunggu jam di parkiran lapangan tambak beras padeg , luas min;positif
tamimrusli;Berangkat kerja sudah agak lengang jalannya, tinggal bus antar jemput jiipe;positif
paraleo99;Bismillah Istiqomah...;positif
nur_farida_nur;Yeay... Alhamdulillah... Pencapaian yang bagus😍👏👏👏 Semoga makin meningkatkan pelayanan kita kepada masyarakat Gresik;positif
vellyaw;Semoga menjadi awal yang baik untuk dinsos kab. Gresik ❤️;positif
nur_farida_nur;@vellyaw Aamiin ya Rabbal Aalamiin;positif
robiiatulmariyah;Bravo dinsos Gresik ❤️❤️❤️;positif
shevaajah;Good Job Bu Umi Bersama Jajaran nya... Terus  Mengabdi Tanpa Tapi untuk Masyarakat..... 😍;positif
utamisunarya;selamat Bu Kadis dan tim 💜MasyaAllah. bangga sebagai warga Gresik. Keren² yess😍;positif
aidahharisah;MasyaAllah ta barokallah... Dinas sosial❤️;positif
kang_majid76;Beeehh mantap bu umi;positif
lyl_hieda;Alhamdulillah semoga Dinsos Gresik semakin lebih baik lagi;positif
aangerindra08;selamat buat dinas sosial kab gresik;positif
jung_hyun_sewgres;🤭 🤭🤭;positif
faridmaruf22;Sekalian layani rakyat dengan rumus mudah murah cepat ya. Jadi pejabat suka tidak suka harus melayani segala keluhan rakyat;negatif
kajikotor;menanam kok gak pakai di siram min @dputrgresikkab 😂;negatif
septianwr;seminggu hancur lagi.. tolong Dinas PUTR wajib kontrol jalan tersebut;negatif
fakrudin_setyawan;sepertinya ada saluran air yang bocor di daerah situ;negatif
_cowoksange_18;Dump truke jangan lupa dibuat ja kerja juga pak agar gak sampai ganggu jam berangkat sekolah dan kerja 😂;negatif
aris.mawan21;jalanan suci banyak proyek belum selesai, tolong diawasi;positif
bocah_mellenk_simo_extreme;Yang parah jalan yang depan pom yang depan pabrik new era parah dan sering banyak korban jatuh..;positif
kodeer21;Jalan arah balongpanggang Mantup bagian barat tolong di pantau banyak lubang bergelombang;positif
amoon.ndp;iya mas aku yang setiap hari lewat sana sekarang sudah ada gelombang lagi jalannya;positif
bwagresik;Alhamdulillah agenda bermanfaat❤️❤️❤️;positif
hisbullah.huda1;Bu min salah dalam memberikan pernyataab. Coba turun ke lapangan secara jeli, banyak penerima PKH adalah orang2 yang sejatinya hidup lebih berkecukupan. Sementara orang2 yang berada dibawah garis kecukupan tidak mendapatkan apa2.;positif
mas_ibra1927;Gak pernah dapat PKH orang tua saya lansia saja gak pernah dapat apa2;positif
rhinny_rhiin;Harusnya ada survey terbaru Bu, karena banyak yg salah sasaran.🙏;positif
faridatoma;Bu min harusnya ada survey terbaru mengenai PKH. Karna dalam jamgka 10 terakhir hidup orang berubah. Saya beberapa kali ngajuin PKH untuk orng2 yang tidak mampu, tp jawaban dari pemerintah desa katanya tidak bisa, krna yg menentukan pusat. Dan ini benar2 terjadi rakyat yg tidak mampu dengan beban anak banyak tidak mendapatkan bantuan, tp rakyat yg berkecukupan, rumah bgus perhiasan banyak tp dapet;positif
sujiono1980;PKH gak sampai ke tangan yang bener2 berhak mendapatkan..... @Ora titis@;negatif
ibnulbn;anda sudah yakin tepat sasaran...;negatif
naoomivanesha;Nyimak saja😢😢😢;negatif
am.assyifa;@faridatoma Betul. Perlu ada survey terbaru.;positif
agusana5;tiketnya mahal lebih murah bus trans jatim, min;negatif
rmdnfrdn;ya silahkan keliling naik transjatim 😂;positif
nasikrawu;Kebijakan FOMO, kenapa sepanjang jalur pantura tidak menjadi skala prioritas transportasi umum, seperti peremajaan dan penambahan BUS armada, padahal jalur pantura (Jl. Deandles) hampir setiap hari ada pengendara yang meninggal.  Monggo pak/bu, ada kepentingan yang jauh lebih besar yang harus dijalankan;negatif
cyntia.novia;@nasikrawu Ketinggalan info ya kak ? Sudah ada kebijakan terkait Bus Trans Jatim arah Pantura, rencana nya akan mulai beroperasi bulan Agustus nanti;positif
nasikrawu;@cyntia.novia antisipasi untuk mengurangi angka kecelakaan hari ini sampe besok agustus apa langkah dari pemkab gresik ??;positif
ollanita.rk;@aritasudjatmoko iya te;positif
cozbie;Ada berapa armada min..;positif
deddyyuli;Kapan Yo min..... Semoga cepat terlaksana Yo 👏👏;positif
sramasmdy;Kalau boleh saran min, saya sebagai warga Gresik masih kurang merasakan keberlanjutan pembangunan di Kabupaten Gresik. Gresik masih banyak PR nya terutama dalam fasilitas dan pelayanan publik. ;positif
hisyams_58;petanya mana kak;positif
kelvinfbrn;Jalan di gresik perlu di kembangkan mengingat banyaknya truk2 industri. Banjir juga harus segera diatasi;negatif
satriawanrizky1927;Aku maih gak paham lihat video ini, masih belum ada gambaran sama sekali 😂;negatif
itsgantroeng04;Info pilot drone lur @ariebsn 😂😂;positif
aris.mawan21;Banjir;negatif
skaringg;Gus gak pengen main ke oma indah menganti kah ? sudah seminggu digenangi air.. apa gak pengen nyari akar permasalahannya supaya rakyatnya ini gak kebanjiran terus gus ? @fandiakhmadyani;negatif
achamdani;Gus @fandiakhmadyani, zona badan air next nya seperti apa? Hal yang terlihat normalisasi drainase yg berada ditengah permukiman atau selokan dipinggir jalan juga kurang diperhatikan selama ini, belum lagi masalah banjir juga.;negatif
emmalisnawati;Alhamdulillah.. ijin share;positif
bwagresik;Selamat❤️❤️;positif
azzahrapribadi;Pemimpin baru semangat baru..;positif
wisanggeni_yoga;Pajaknya dinaikkan untuk menutupi defisit 800m lebih itu kah mat 🤭. Pajak elit anggaran sulit.;negatif
politeknikmapena;Mimin mau kontaknya bisa? karena gak ada kontaknnya min;positif
sapardi_budi;Terima kasih informasi nya mon;positif
bakullan29;Keren lombanya . Khusus untuk anak muda yang menjadi pelopor . Btw spill hadiahnya dong ? ❤️❤️;positif
pemkabgresik;@bakullan29 yuk kak daftar dulu ^^ @bidporakabgresik;positif
pemkabgresik;@politeknikmapena berkas pendaftaran bisa di isi melalui persyaratan poin 4 kak, untuk narahubungnya coba di colek ke instagram @bidporakabgresik ya;positif
bidporakabgresik;@politeknikmapena halo kak ada yang bisa kami bantu;positif
politeknikmapena;@pemkabgresik iyaa benar kak. Sudah saya check.;positif
politeknikmapena; siap akan saya DM Mimin. Terima kasih @pemkabgresik;positif
fatwaamalia_r;link pendaftaran harus mnta akses dulu min;positif
rozijav; sudah dapat akses masuk kak?;positif
onepiec.3;🔥 banyak liburnya;positif
pambudibenny;Nyoblos;positif
uamardiansyaah;Tanggal 12&13 feb ambil cuti bisa libur panjang min 💥💥;positif
annieza_73;Pastinya tanggal 14 ada dua momen;positif
pemkabgresik;@uamardiansyaah asyik yg mau liburan ^^;positif
pemkabgresik;@pambudibenny Suaramu adalah alat keadilan, jangan biarkan terabaikan ^^ salam pemilu damai;positif
nurnnufidah;min mau tanya , apakah ini ada tour guide buat jelasin tempat-tempat bersejarahnya? atau kita cuma diajak keliling tempat-tempat itu sambil naik bis aja?;positif
st.budi27;@nurnnufidah banyak disana komunitas pecinta sejarah dan budaya..;positif
st.budi27;Mantap👏👏👏;positif
st.budi27;Mantap gus❤️;positif
hajir_bbw;"jarang di daerah Kedamean khususnya ""Jalan poros Desa Lampah"" lah.. biar ngerti mana yang layak dinamakan jalan dengan mana yang layak dinamakan kolam peternakan buaya 🐊🐊 Pak... @dputrgresikkab  @fandiakhmadyani";negatif
dputrgresikkab; Baik kakak, terima kasih banyak atas atensinya..;positif
v.danialk;Tambak nya ya diperhatikno juga nohh;negatif
wahyu_monochrome;Banjirnya ini gimana gus;negatif
efendidyan;Gebyarnya sekali, seletah itu 5 tahun pupuknya hilang lagi;negatif
re4433han;kan petanin itu itu saja yang menikmati,;negatif
re4433han;Kira² iku bener² petani atau tengkulak yang di undang, Petani di gresik area barat lahannya banyak tapi sulit mendapatkan pupuk, belum lagi saat ini curah hujan yang kurang menjadikan tanaman mereka terhambat tumbuh;negatif
efendidyan;@re4433han bener pak;positif
irossidi;Semangat;positif
tyas_arillah;Terima kasih min sudah gercep, saya selaku penikmat bajir setiap tahun lokasi di  dari arah semambung - sumput;positif
faridfarochi;🔥🔥 gak apa apa min meskipun menunggu datangnya banjir yang penting sudah gerak cepat min. Lanjutkan;positif
ahmadtoha.hasan;kok cepet gitu, terbaik;positif
khoirulyl;Tolong jalan kecamatan dukun sampai desa sawo di aspal, banyak yang bergelombang dan berlubang;negatif
kodeer21;Faktor alam ?!;negatif
arlienzhiel;Sekarang itu warganya yang harus sadar diri, jika membuang sampah jangan di sungai lagi, nanti jika banjir menyalahkan bupatinya menyalahkan pemerintah lagi,, kalau sudah dibersihkan harus dijaga lur,, jangan buang sampah sembarangan, kalian bisa mengajarkan anak kalau buang sampah di tempat sampah, tapi kalian sendiri buang sampah sembarangan☺☺;positif
puputnasss;menganti min, aku baru kerja sudah libur gara gara banjir😢;positif
rezadewantara12;Harusnya dari awal 2023 saat banjir besar pertama sudah di pikirkan solusinya bukan saat2 ini saat banjir yang kedua kalinya terjadi !! Btw oma indah masih tergenang min. Apalagi di blok paling belakang ! Masa setiap februari dari 2023 dan februari 2024 ini terjadi lagi 😢;negatif
deekacloud;Widiiiih. Tumben tumbenan 😅 mantap min;positif
mayangpinyu;mohon bantuannya perum kota baru driyorejo jalanannya rusak parah. Jalanan utama. Lubang besar2, sehingga kalau hujan begini bahaya sekali karena lubang tersebut jadi genangan besar. Kakak admin @driyorejoupdate mungkin bisa dibantu video kan kak.. kami berharap jalanan rusak disini dapat segera diperbaiki..;negatif
blossom.skye;Coba itu setiap tahun kali lamong yang melewati gresik di normalisasi karena ya bukan karena sampah tapi sedimen pasti banjir aman;negatif
amirulazizichwan;masih banjir min Oma indah menganti, minta tolong dikontrol min takutnya pendangkalan atau hilir sungai terhambat sampah/eceng gondok dll;negatif
kominfogresik;@faridfarochi mari kita jaga lingkungan bersama ya kak seperti tidak membuang sampah di sungai;positif
kominfogresik;halo kak terima kasih atas aspirasinya, kami juga membutuhkan kerja sama dari masyarakat seperti menjaga lingkungan dengan tidak membuang sampah ke selokan maupun ke sungai;positif
kominfogresik;sama sama kakak, semoga segera surut dan tidak banjir lagi. Selain itu kita juga membutuhkan kerja sama masyarakat seperti tidak membuang sampah di selokan maupun di sungai;positif
kominfogresik;halo kakak, bisa cek di vt kami sebelum”nya ya kak. Normalisasi sedang kami usahakan beberapa sudah berprogress .. beberapa faktor terkadang tidak bisa dihindari seperti air kiriman dan instesitas hujan yang tinggi. Selanjutnya dinas terkait juga selalu mengevaluasi;positif
kominfogresik;@arlienzhiel mari kita jaga lingkungan bersama untuk hidup yang lebih baik;positif
blossom.skye;@kominfogresik telat gak sih.. harusnya sebelum musim hujan tiba.;negatif
arlienzhiel;siap, di tempat saya banjir saat ini,, karena hujan terus menerus, padahal kali lamongnya sudah di lebarin,, 😉;positif
rezadewantara12;begitu juga buatkan tanggul agar tiap tahun tidak banjir ! itu morowudi tiap tahun banjir mulu. Dan daerah yang gak pernah banjir sekarang juga ikutan banjir !;positif
rezadewantara12;Oma Indah Menganti masih banjir ... penyebabnya apa ... sudah 1 minggu lebih .. untuk lingkungan OIM sampah sudah terorganisir dan sudah ada petugas yang mengambilnya. Untuk sungai di OIM bersih sebelum banjir ada kerja bakti membersihkan sungai2 di lingkungan OIM .. Ini banjir ke 2x nya berturut2 dan yang paling lama surutnya !!;negatif
enikdwira;Sudah 10 hari oma indah menganti banjir min;negatif
blossom.skye;@kominfogresik banjir lagi loh daerah gresik selatan katanya selalu mengevaluasi tapi kok 🫢🫢🫢🫢🫢🫢🫢;negatif
nur_farida_nur;Mantap 🙌;positif
gresik_info_loker;Info pembagian sekrop kah Ini pak?;negatif
asri_sejahtera;Selamat untuk Gresik atas Adipuranya. Semangat bersih bersih;positif
hisbullah.huda1;Pak bupati, jalan kh syafii, rusak gara-gara galian pipa, belum diperbaiki. Membahayakan pengendara.;positif
studiobisnis.id;Kalimatnya itu lo waktu diwawancarai...menunjukkan bahwa Bupatinya orang Gresik;positif
rochmadaristia29;Mohon di perhatikan di traffic light Kecamatan Gresik dan Kebomas masih banyak Pengemis, Anak jalanan, Manusia Silver, Gelandangan untuk di tertibkan 🙏;positif
fann_sznf;Lanjutkan gus;positif
arlikanarlikan;bisa membuat masjid bisa membuat islamic center.... Joss, tapi Bantuan Operasional Sekolah APBD 2023 Semester 2 kok belum cair.... Monggo di cairkan gus...;negatif
citra.handayani.saja;Pelan pelan yakin Gresik lebih maju lagi;positif
cindy_tamaraaa;bangga punya bupati kayak gus yani 🙌;positif
abde_prastio;alhamdulillah makin keren kabupatenku sekarang 😍;positif
yogaprtma_cojs;sudah gak sabar lagi melihat kemajuan gresik 😍;positif
pemdesslempit;Sebelah Gus Yani apa pak Mulyanto min;positif
vellyaw;kesukaanku itu min sate di lowayu 😂;positif
zunitaamr;Masyaallah terima kasih kakak atas kunjungannya ke gubuk warung sate kami 🙏🏼😇;positif
khoirull_abid;Mantap ini 😍;positif
citra.handayani.saja;Hmmmm enak banget mbak..... Dimana ini tempatnya..;positif
asri_sejahtera;Hmmm cocok sama aku 🙌🙌🙌;positif
cindy_tamaraaa;jadi pengen 🫠;positif
abde_prastio;kontennya bikin laper ini pengen kesana nanti waktu buka puasa 😍;positif
yogaprtma_cojs;makanannya enak, mbaknya cantik 🙌;positif
satepojok_lowayu_dukun;lokasi desa lowayu gapura sebelah barat kakak sementara di bulan ramadhan buka mulai jam 15:00 - habis , silahkan mampir 😁;positif
sirojua01;Mohon untuk semua jajaran @pemkabgresik untuk segera merealisasikan anggaran bosda 2024 kasihan sekolah2 swasta... Semoga sukses selalu @fandiakhmadyani  dan selalu diberikan kesehatan;positif
asri_sejahtera;Di ratakan pembangunannya sampai selatan. Dan lanjutkan terus Gus;positif
irwa929;Masih banyak perusahaan yang tidak memberi THR.. Bahkan ada yang sampai gajinya belum terbayar,,;negatif
citra.handayani.saja;Amin barokah untuk warga;positif
cindy_tamaraaa;keren sekali gusku, gak kalah sama pembangunan kota2 lain di indonesia😍;positif
abde_prastio;kerenn gus 🔥;positif
yogaprtma_cojs;barokah selalu guss🔥;positif
wahyujhonis;Barokallah...🤲🏻 ramadan penuh berkah barokah & manfaat🙏🏽;positif
fann_sznf;Lanjutkan gus;positif
rifki_maulanaaaaa;jalannya rusah semua itu loh;negatif
watun_syana;Teruskan pak pemerintahan;positif
kwarcabpramukagresik;"Lanjut Gus saudara"" kita di Pulau Bawean masih butuh bantuan adik"" saka bahari, kwarda Jatim dan kwarcab Gresik siap ke Bawean";positif
yonno_utomo;Jalesveva Jayamahe.;positif
yonno_utomo;Aamiin;positif
citra.handayani.saja;Gresik itu kompak dalam menghadapi apapun . Tetap semangat warga dgresik 🔥🔥😍;positif
cindy_tamaraaa;menyala guss🔥;positif
abde_prastio;sinergi luar biasa 👏;positif
yogaprtma_cojs;mantap gus 🔥;positif
